-- Seraya seed data
-- Generated from supabase/seed-data/seraya-mock-data.json
-- Source date range: 2026-04-10 → 2026-05-09
-- 3 seniors × ~30 days of check-ins
--
-- Run AFTER 0001_init.sql has been applied.
-- Truncates target tables to be re-runnable.

begin;

truncate table checkin_scores, checkins, alerts, questionnaire_questions, questionnaires, caregiver_seniors, seniors, caregivers, questions restart identity cascade;

-- Questions
insert into questions (id, text, type, scale, icon, options, labels) values ('vision', 'How is your vision today?', 'scale', '1-5', 'eye', null, '{"1":"Very blurry","2":"Blurry","3":"Okay","4":"Clear","5":"Very clear"}'::jsonb);
insert into questions (id, text, type, scale, icon, options, labels) values ('sleep', 'How well did you sleep last night?', 'scale', '1-5', 'moon', null, '{"1":"Very poor","2":"Poor","3":"Okay","4":"Good","5":"Very good"}'::jsonb);
insert into questions (id, text, type, scale, icon, options, labels) values ('appetite', 'How is your appetite today?', 'scale', '1-5', 'utensils', null, '{"1":"No appetite","2":"Low appetite","3":"Normal","4":"Good appetite","5":"Very hungry"}'::jsonb);
insert into questions (id, text, type, scale, icon, options, labels) values ('balance', 'How steady do you feel on your feet?', 'scale', '1-5', 'activity', null, '{"1":"Very unsteady","2":"Unsteady","3":"Okay","4":"Steady","5":"Very steady"}'::jsonb);
insert into questions (id, text, type, scale, icon, options, labels) values ('hearing', 'How is your hearing today?', 'scale', '1-5', 'ear', null, '{"1":"Very muffled","2":"Muffled","3":"Okay","4":"Clear","5":"Very clear"}'::jsonb);
insert into questions (id, text, type, scale, icon, options, labels) values ('memory', 'How sharp does your mind feel?', 'scale', '1-5', 'brain', null, '{"1":"Very foggy","2":"Foggy","3":"Okay","4":"Sharp","5":"Very sharp"}'::jsonb);
insert into questions (id, text, type, scale, icon, options, labels) values ('toothache', 'Any tooth or mouth pain?', 'scale', '1-5', 'smile', null, '{"1":"Severe pain","2":"Moderate pain","3":"Mild discomfort","4":"Slight sensitivity","5":"No pain"}'::jsonb);
insert into questions (id, text, type, scale, icon, options, labels) values ('pain', 'Where do you feel pain today?', 'multiselect', null, 'alert-circle', '["lower_back","stomach","knee","neck","wrist","chest","ankle","tailbone","shoulder","headache","elbow","upper_traps"]'::jsonb, '{"lower_back":"Lower back","stomach":"Stomach","knee":"Knee","neck":"Neck","wrist":"Wrist","chest":"Chest","ankle":"Ankle","tailbone":"Tailbone","shoulder":"Shoulder","headache":"Headache","elbow":"Elbow","upper_traps":"Upper shoulders/traps"}'::jsonb);
insert into questions (id, text, type, scale, icon, options, labels) values ('tired', 'How tired do you feel?', 'scale', '1-5', 'battery', null, '{"1":"Exhausted","2":"Very tired","3":"Somewhat tired","4":"A little tired","5":"Energetic"}'::jsonb);

-- Demo caregiver (auth_user_id null; link to a real Supabase auth user after signup)
insert into caregivers (id, auth_user_id, name, email) values ('00000000-0000-0000-0000-0000000000ca', null, 'Demo Caregiver', 'caregiver@seraya.local');

-- Seniors
insert into seniors (id, slug, name, initials, age, gender, avatar_color, medical_context) values ('11111111-1111-1111-1111-111111111111', 'siti', 'Siti Aminah', 'SA', 82, 'female', 'amber', null);
insert into seniors (id, slug, name, initials, age, gender, avatar_color, medical_context) values ('22222222-2222-2222-2222-222222222222', 'liew', 'Liew En Ching', 'LC', 87, 'female', 'blue', '{"diagnosis":"Pancreatic cancer","treatment":"Chemotherapy (FOLFIRINOX regimen)","cycle_schedule":"28-day cycles","infusion_dates":["2026-04-12","2026-05-10"],"notes":"Side effects typically peak 3-7 days post-infusion: severe fatigue, nausea affecting appetite, peripheral neuropathy causing pain, mucositis causing mouth pain"}'::jsonb);
insert into seniors (id, slug, name, initials, age, gender, avatar_color, medical_context) values ('33333333-3333-3333-3333-333333333333', 'siva', 'Sivakumar Thangiah', 'ST', 76, 'male', 'green', '{"diagnosis":"Type 2 diabetes with peripheral neuropathy, hypertension","treatment":"Metformin, Lisinopril, insulin as needed","notes":"Active lifestyle, plays badminton 2x/week (Tue/Sat), occasional hypoglycemic episodes"}'::jsonb);

-- Demo caregiver manages all 3 seniors
insert into caregiver_seniors (caregiver_id, senior_id, relationship) values ('00000000-0000-0000-0000-0000000000ca', '11111111-1111-1111-1111-111111111111', 'primary');
insert into caregiver_seniors (caregiver_id, senior_id, relationship) values ('00000000-0000-0000-0000-0000000000ca', '22222222-2222-2222-2222-222222222222', 'primary');
insert into caregiver_seniors (caregiver_id, senior_id, relationship) values ('00000000-0000-0000-0000-0000000000ca', '33333333-3333-3333-3333-333333333333', 'primary');

-- Questionnaires
insert into questionnaires (id, slug, name, senior_id, is_active) values ('aaaaaaaa-aaaa-aaaa-aaaa-aaaaaaaaaaaa', 'generic-8q', 'Generic 8 Questions', '11111111-1111-1111-1111-111111111111', true);
insert into questionnaire_questions (questionnaire_id, question_id, position) values ('aaaaaaaa-aaaa-aaaa-aaaa-aaaaaaaaaaaa', 'vision', 1);
insert into questionnaire_questions (questionnaire_id, question_id, position) values ('aaaaaaaa-aaaa-aaaa-aaaa-aaaaaaaaaaaa', 'sleep', 2);
insert into questionnaire_questions (questionnaire_id, question_id, position) values ('aaaaaaaa-aaaa-aaaa-aaaa-aaaaaaaaaaaa', 'appetite', 3);
insert into questionnaire_questions (questionnaire_id, question_id, position) values ('aaaaaaaa-aaaa-aaaa-aaaa-aaaaaaaaaaaa', 'balance', 4);
insert into questionnaire_questions (questionnaire_id, question_id, position) values ('aaaaaaaa-aaaa-aaaa-aaaa-aaaaaaaaaaaa', 'hearing', 5);
insert into questionnaire_questions (questionnaire_id, question_id, position) values ('aaaaaaaa-aaaa-aaaa-aaaa-aaaaaaaaaaaa', 'memory', 6);
insert into questionnaire_questions (questionnaire_id, question_id, position) values ('aaaaaaaa-aaaa-aaaa-aaaa-aaaaaaaaaaaa', 'toothache', 7);
insert into questionnaire_questions (questionnaire_id, question_id, position) values ('aaaaaaaa-aaaa-aaaa-aaaa-aaaaaaaaaaaa', 'pain', 8);
insert into questionnaires (id, slug, name, senior_id, is_active) values ('bbbbbbbb-bbbb-bbbb-bbbb-bbbbbbbbbbbb', 'pancreatic-cancer-symptom', 'Pancreatic Cancer Side Effect Management', '22222222-2222-2222-2222-222222222222', true);
insert into questionnaire_questions (questionnaire_id, question_id, position) values ('bbbbbbbb-bbbb-bbbb-bbbb-bbbbbbbbbbbb', 'sleep', 1);
insert into questionnaire_questions (questionnaire_id, question_id, position) values ('bbbbbbbb-bbbb-bbbb-bbbb-bbbbbbbbbbbb', 'appetite', 2);
insert into questionnaire_questions (questionnaire_id, question_id, position) values ('bbbbbbbb-bbbb-bbbb-bbbb-bbbbbbbbbbbb', 'tired', 3);
insert into questionnaire_questions (questionnaire_id, question_id, position) values ('bbbbbbbb-bbbb-bbbb-bbbb-bbbbbbbbbbbb', 'toothache', 4);
insert into questionnaire_questions (questionnaire_id, question_id, position) values ('bbbbbbbb-bbbb-bbbb-bbbb-bbbbbbbbbbbb', 'pain', 5);
insert into questionnaires (id, slug, name, senior_id, is_active) values ('cccccccc-cccc-cccc-cccc-cccccccccccc', 'diabetes-monitoring', 'Diabetes Daily Monitoring', '33333333-3333-3333-3333-333333333333', true);
insert into questionnaire_questions (questionnaire_id, question_id, position) values ('cccccccc-cccc-cccc-cccc-cccccccccccc', 'vision', 1);
insert into questionnaire_questions (questionnaire_id, question_id, position) values ('cccccccc-cccc-cccc-cccc-cccccccccccc', 'balance', 2);
insert into questionnaire_questions (questionnaire_id, question_id, position) values ('cccccccc-cccc-cccc-cccc-cccccccccccc', 'tired', 3);
insert into questionnaire_questions (questionnaire_id, question_id, position) values ('cccccccc-cccc-cccc-cccc-cccccccccccc', 'pain', 4);
insert into questionnaire_questions (questionnaire_id, question_id, position) values ('cccccccc-cccc-cccc-cccc-cccccccccccc', 'appetite', 5);
insert into questionnaire_questions (questionnaire_id, question_id, position) values ('cccccccc-cccc-cccc-cccc-cccccccccccc', 'memory', 6);

-- Alerts
insert into alerts (senior_id, alert_type, severity, status, message, triggered_at, threshold_metric, threshold_condition, consecutive_days) values ('11111111-1111-1111-1111-111111111111', 'sleep_decline', 'moderate', 'active', 'Sleep quality rated ≤2 for 4 consecutive days', '2026-05-06 12:00:00+08'::timestamptz, 'sleep', '<=2', 4);
insert into alerts (senior_id, alert_type, severity, status, message, triggered_at, threshold_metric, threshold_condition, consecutive_days) values ('11111111-1111-1111-1111-111111111111', 'appetite_decline', 'moderate', 'active', 'Appetite rated ≤2 for 3 consecutive days', '2026-05-07 12:00:00+08'::timestamptz, 'appetite', '<=2', 3);
insert into alerts (senior_id, alert_type, severity, status, message, triggered_at, threshold_metric, threshold_condition, consecutive_days) values ('11111111-1111-1111-1111-111111111111', 'toothache_persistent', 'monitor', 'active', 'Toothache reported (≤3) for 7+ days', '2026-05-02 12:00:00+08'::timestamptz, 'toothache', '<=3', 7);
insert into alerts (senior_id, alert_type, severity, status, message, triggered_at, threshold_metric, threshold_condition, consecutive_days) values ('22222222-2222-2222-2222-222222222222', 'post_chemo_appetite', 'urgent', 'active', 'Severe appetite loss (≤1) for 3 consecutive days post-chemo', '2026-04-16 12:00:00+08'::timestamptz, 'appetite', '<=1', 3);
insert into alerts (senior_id, alert_type, severity, status, message, triggered_at, threshold_metric, threshold_condition, consecutive_days) values ('22222222-2222-2222-2222-222222222222', 'fatigue_severe', 'urgent', 'active', 'Extreme fatigue (≤1) for 4 consecutive days', '2026-04-15 12:00:00+08'::timestamptz, 'tired', '<=1', 4);
insert into alerts (senior_id, alert_type, severity, status, message, triggered_at, threshold_metric, threshold_condition, consecutive_days) values ('22222222-2222-2222-2222-222222222222', 'pain_persistent', 'monitor', 'active', 'Multiple pain sites reported for 7+ days (likely neuropathy)', '2026-04-14 12:00:00+08'::timestamptz, 'pain', 'count>=2', 7);
insert into alerts (senior_id, alert_type, severity, status, message, triggered_at, threshold_metric, threshold_condition, consecutive_days) values ('33333333-3333-3333-3333-333333333333', 'vision_blur', 'moderate', 'active', 'Vision rated ≤2 for 3 consecutive days (possible glucose fluctuation)', '2026-05-05 12:00:00+08'::timestamptz, 'vision', '<=2', 3);
insert into alerts (senior_id, alert_type, severity, status, message, triggered_at, threshold_metric, threshold_condition, consecutive_days) values ('33333333-3333-3333-3333-333333333333', 'neuropathy_pain', 'monitor', 'active', 'Lower extremity pain reported consistently (neuropathy monitoring)', '2026-04-28 12:00:00+08'::timestamptz, 'pain', 'includes:ankle,knee', 10);

-- Check-ins + scores
insert into checkins (id, senior_id, checkin_date, completed, completed_at, note) values ('c0000000-0000-0000-0000-000000000001', '11111111-1111-1111-1111-111111111111', '2026-04-10'::date, true, '2026-04-10T08:45:00+08:00'::timestamptz, null);
insert into checkin_scores (checkin_id, question_id, score_int, selected_options) values ('c0000000-0000-0000-0000-000000000001', 'vision', 4, null);
insert into checkin_scores (checkin_id, question_id, score_int, selected_options) values ('c0000000-0000-0000-0000-000000000001', 'sleep', 4, null);
insert into checkin_scores (checkin_id, question_id, score_int, selected_options) values ('c0000000-0000-0000-0000-000000000001', 'appetite', 4, null);
insert into checkin_scores (checkin_id, question_id, score_int, selected_options) values ('c0000000-0000-0000-0000-000000000001', 'balance', 3, null);
insert into checkin_scores (checkin_id, question_id, score_int, selected_options) values ('c0000000-0000-0000-0000-000000000001', 'hearing', 4, null);
insert into checkin_scores (checkin_id, question_id, score_int, selected_options) values ('c0000000-0000-0000-0000-000000000001', 'memory', 4, null);
insert into checkin_scores (checkin_id, question_id, score_int, selected_options) values ('c0000000-0000-0000-0000-000000000001', 'toothache', 5, null);
insert into checkin_scores (checkin_id, question_id, score_int, selected_options) values ('c0000000-0000-0000-0000-000000000001', 'pain', null, '{}'::text[]);
insert into checkins (id, senior_id, checkin_date, completed, completed_at, note) values ('c0000000-0000-0000-0000-000000000002', '11111111-1111-1111-1111-111111111111', '2026-04-11'::date, true, '2026-04-11T09:10:00+08:00'::timestamptz, null);
insert into checkin_scores (checkin_id, question_id, score_int, selected_options) values ('c0000000-0000-0000-0000-000000000002', 'vision', 4, null);
insert into checkin_scores (checkin_id, question_id, score_int, selected_options) values ('c0000000-0000-0000-0000-000000000002', 'sleep', 4, null);
insert into checkin_scores (checkin_id, question_id, score_int, selected_options) values ('c0000000-0000-0000-0000-000000000002', 'appetite', 4, null);
insert into checkin_scores (checkin_id, question_id, score_int, selected_options) values ('c0000000-0000-0000-0000-000000000002', 'balance', 3, null);
insert into checkin_scores (checkin_id, question_id, score_int, selected_options) values ('c0000000-0000-0000-0000-000000000002', 'hearing', 4, null);
insert into checkin_scores (checkin_id, question_id, score_int, selected_options) values ('c0000000-0000-0000-0000-000000000002', 'memory', 3, null);
insert into checkin_scores (checkin_id, question_id, score_int, selected_options) values ('c0000000-0000-0000-0000-000000000002', 'toothache', 5, null);
insert into checkin_scores (checkin_id, question_id, score_int, selected_options) values ('c0000000-0000-0000-0000-000000000002', 'pain', null, '{}'::text[]);
insert into checkins (id, senior_id, checkin_date, completed, completed_at, note) values ('c0000000-0000-0000-0000-000000000003', '11111111-1111-1111-1111-111111111111', '2026-04-12'::date, true, '2026-04-12T08:30:00+08:00'::timestamptz, null);
insert into checkin_scores (checkin_id, question_id, score_int, selected_options) values ('c0000000-0000-0000-0000-000000000003', 'vision', 3, null);
insert into checkin_scores (checkin_id, question_id, score_int, selected_options) values ('c0000000-0000-0000-0000-000000000003', 'sleep', 4, null);
insert into checkin_scores (checkin_id, question_id, score_int, selected_options) values ('c0000000-0000-0000-0000-000000000003', 'appetite', 4, null);
insert into checkin_scores (checkin_id, question_id, score_int, selected_options) values ('c0000000-0000-0000-0000-000000000003', 'balance', 3, null);
insert into checkin_scores (checkin_id, question_id, score_int, selected_options) values ('c0000000-0000-0000-0000-000000000003', 'hearing', 4, null);
insert into checkin_scores (checkin_id, question_id, score_int, selected_options) values ('c0000000-0000-0000-0000-000000000003', 'memory', 4, null);
insert into checkin_scores (checkin_id, question_id, score_int, selected_options) values ('c0000000-0000-0000-0000-000000000003', 'toothache', 5, null);
insert into checkin_scores (checkin_id, question_id, score_int, selected_options) values ('c0000000-0000-0000-0000-000000000003', 'pain', null, '{"knee"}'::text[]);
insert into checkins (id, senior_id, checkin_date, completed, completed_at, note) values ('c0000000-0000-0000-0000-000000000004', '11111111-1111-1111-1111-111111111111', '2026-04-13'::date, true, '2026-04-13T09:00:00+08:00'::timestamptz, null);
insert into checkin_scores (checkin_id, question_id, score_int, selected_options) values ('c0000000-0000-0000-0000-000000000004', 'vision', 4, null);
insert into checkin_scores (checkin_id, question_id, score_int, selected_options) values ('c0000000-0000-0000-0000-000000000004', 'sleep', 3, null);
insert into checkin_scores (checkin_id, question_id, score_int, selected_options) values ('c0000000-0000-0000-0000-000000000004', 'appetite', 4, null);
insert into checkin_scores (checkin_id, question_id, score_int, selected_options) values ('c0000000-0000-0000-0000-000000000004', 'balance', 4, null);
insert into checkin_scores (checkin_id, question_id, score_int, selected_options) values ('c0000000-0000-0000-0000-000000000004', 'hearing', 4, null);
insert into checkin_scores (checkin_id, question_id, score_int, selected_options) values ('c0000000-0000-0000-0000-000000000004', 'memory', 4, null);
insert into checkin_scores (checkin_id, question_id, score_int, selected_options) values ('c0000000-0000-0000-0000-000000000004', 'toothache', 4, null);
insert into checkin_scores (checkin_id, question_id, score_int, selected_options) values ('c0000000-0000-0000-0000-000000000004', 'pain', null, '{}'::text[]);
insert into checkins (id, senior_id, checkin_date, completed, completed_at, note) values ('c0000000-0000-0000-0000-000000000005', '11111111-1111-1111-1111-111111111111', '2026-04-14'::date, true, '2026-04-14T08:50:00+08:00'::timestamptz, null);
insert into checkin_scores (checkin_id, question_id, score_int, selected_options) values ('c0000000-0000-0000-0000-000000000005', 'vision', 4, null);
insert into checkin_scores (checkin_id, question_id, score_int, selected_options) values ('c0000000-0000-0000-0000-000000000005', 'sleep', 4, null);
insert into checkin_scores (checkin_id, question_id, score_int, selected_options) values ('c0000000-0000-0000-0000-000000000005', 'appetite', 4, null);
insert into checkin_scores (checkin_id, question_id, score_int, selected_options) values ('c0000000-0000-0000-0000-000000000005', 'balance', 3, null);
insert into checkin_scores (checkin_id, question_id, score_int, selected_options) values ('c0000000-0000-0000-0000-000000000005', 'hearing', 3, null);
insert into checkin_scores (checkin_id, question_id, score_int, selected_options) values ('c0000000-0000-0000-0000-000000000005', 'memory', 4, null);
insert into checkin_scores (checkin_id, question_id, score_int, selected_options) values ('c0000000-0000-0000-0000-000000000005', 'toothache', 4, null);
insert into checkin_scores (checkin_id, question_id, score_int, selected_options) values ('c0000000-0000-0000-0000-000000000005', 'pain', null, '{}'::text[]);
insert into checkins (id, senior_id, checkin_date, completed, completed_at, note) values ('c0000000-0000-0000-0000-000000000006', '11111111-1111-1111-1111-111111111111', '2026-04-15'::date, true, '2026-04-15T09:20:00+08:00'::timestamptz, null);
insert into checkin_scores (checkin_id, question_id, score_int, selected_options) values ('c0000000-0000-0000-0000-000000000006', 'vision', 4, null);
insert into checkin_scores (checkin_id, question_id, score_int, selected_options) values ('c0000000-0000-0000-0000-000000000006', 'sleep', 3, null);
insert into checkin_scores (checkin_id, question_id, score_int, selected_options) values ('c0000000-0000-0000-0000-000000000006', 'appetite', 4, null);
insert into checkin_scores (checkin_id, question_id, score_int, selected_options) values ('c0000000-0000-0000-0000-000000000006', 'balance', 3, null);
insert into checkin_scores (checkin_id, question_id, score_int, selected_options) values ('c0000000-0000-0000-0000-000000000006', 'hearing', 4, null);
insert into checkin_scores (checkin_id, question_id, score_int, selected_options) values ('c0000000-0000-0000-0000-000000000006', 'memory', 3, null);
insert into checkin_scores (checkin_id, question_id, score_int, selected_options) values ('c0000000-0000-0000-0000-000000000006', 'toothache', 3, null);
insert into checkin_scores (checkin_id, question_id, score_int, selected_options) values ('c0000000-0000-0000-0000-000000000006', 'pain', null, '{"lower_back"}'::text[]);
insert into checkins (id, senior_id, checkin_date, completed, completed_at, note) values ('c0000000-0000-0000-0000-000000000007', '11111111-1111-1111-1111-111111111111', '2026-04-16'::date, true, '2026-04-16T08:40:00+08:00'::timestamptz, null);
insert into checkin_scores (checkin_id, question_id, score_int, selected_options) values ('c0000000-0000-0000-0000-000000000007', 'vision', 4, null);
insert into checkin_scores (checkin_id, question_id, score_int, selected_options) values ('c0000000-0000-0000-0000-000000000007', 'sleep', 4, null);
insert into checkin_scores (checkin_id, question_id, score_int, selected_options) values ('c0000000-0000-0000-0000-000000000007', 'appetite', 3, null);
insert into checkin_scores (checkin_id, question_id, score_int, selected_options) values ('c0000000-0000-0000-0000-000000000007', 'balance', 3, null);
insert into checkin_scores (checkin_id, question_id, score_int, selected_options) values ('c0000000-0000-0000-0000-000000000007', 'hearing', 4, null);
insert into checkin_scores (checkin_id, question_id, score_int, selected_options) values ('c0000000-0000-0000-0000-000000000007', 'memory', 4, null);
insert into checkin_scores (checkin_id, question_id, score_int, selected_options) values ('c0000000-0000-0000-0000-000000000007', 'toothache', 3, null);
insert into checkin_scores (checkin_id, question_id, score_int, selected_options) values ('c0000000-0000-0000-0000-000000000007', 'pain', null, '{}'::text[]);
insert into checkins (id, senior_id, checkin_date, completed, completed_at, note) values ('c0000000-0000-0000-0000-000000000008', '11111111-1111-1111-1111-111111111111', '2026-04-17'::date, true, '2026-04-17T09:05:00+08:00'::timestamptz, null);
insert into checkin_scores (checkin_id, question_id, score_int, selected_options) values ('c0000000-0000-0000-0000-000000000008', 'vision', 3, null);
insert into checkin_scores (checkin_id, question_id, score_int, selected_options) values ('c0000000-0000-0000-0000-000000000008', 'sleep', 3, null);
insert into checkin_scores (checkin_id, question_id, score_int, selected_options) values ('c0000000-0000-0000-0000-000000000008', 'appetite', 4, null);
insert into checkin_scores (checkin_id, question_id, score_int, selected_options) values ('c0000000-0000-0000-0000-000000000008', 'balance', 3, null);
insert into checkin_scores (checkin_id, question_id, score_int, selected_options) values ('c0000000-0000-0000-0000-000000000008', 'hearing', 4, null);
insert into checkin_scores (checkin_id, question_id, score_int, selected_options) values ('c0000000-0000-0000-0000-000000000008', 'memory', 4, null);
insert into checkin_scores (checkin_id, question_id, score_int, selected_options) values ('c0000000-0000-0000-0000-000000000008', 'toothache', 3, null);
insert into checkin_scores (checkin_id, question_id, score_int, selected_options) values ('c0000000-0000-0000-0000-000000000008', 'pain', null, '{"knee"}'::text[]);
insert into checkins (id, senior_id, checkin_date, completed, completed_at, note) values ('c0000000-0000-0000-0000-000000000009', '11111111-1111-1111-1111-111111111111', '2026-04-18'::date, true, '2026-04-18T08:55:00+08:00'::timestamptz, null);
insert into checkin_scores (checkin_id, question_id, score_int, selected_options) values ('c0000000-0000-0000-0000-000000000009', 'vision', 4, null);
insert into checkin_scores (checkin_id, question_id, score_int, selected_options) values ('c0000000-0000-0000-0000-000000000009', 'sleep', 3, null);
insert into checkin_scores (checkin_id, question_id, score_int, selected_options) values ('c0000000-0000-0000-0000-000000000009', 'appetite', 3, null);
insert into checkin_scores (checkin_id, question_id, score_int, selected_options) values ('c0000000-0000-0000-0000-000000000009', 'balance', 4, null);
insert into checkin_scores (checkin_id, question_id, score_int, selected_options) values ('c0000000-0000-0000-0000-000000000009', 'hearing', 4, null);
insert into checkin_scores (checkin_id, question_id, score_int, selected_options) values ('c0000000-0000-0000-0000-000000000009', 'memory', 4, null);
insert into checkin_scores (checkin_id, question_id, score_int, selected_options) values ('c0000000-0000-0000-0000-000000000009', 'toothache', 4, null);
insert into checkin_scores (checkin_id, question_id, score_int, selected_options) values ('c0000000-0000-0000-0000-000000000009', 'pain', null, '{}'::text[]);
insert into checkins (id, senior_id, checkin_date, completed, completed_at, note) values ('c0000000-0000-0000-0000-000000000010', '11111111-1111-1111-1111-111111111111', '2026-04-19'::date, true, '2026-04-19T09:15:00+08:00'::timestamptz, null);
insert into checkin_scores (checkin_id, question_id, score_int, selected_options) values ('c0000000-0000-0000-0000-000000000010', 'vision', 4, null);
insert into checkin_scores (checkin_id, question_id, score_int, selected_options) values ('c0000000-0000-0000-0000-000000000010', 'sleep', 3, null);
insert into checkin_scores (checkin_id, question_id, score_int, selected_options) values ('c0000000-0000-0000-0000-000000000010', 'appetite', 4, null);
insert into checkin_scores (checkin_id, question_id, score_int, selected_options) values ('c0000000-0000-0000-0000-000000000010', 'balance', 3, null);
insert into checkin_scores (checkin_id, question_id, score_int, selected_options) values ('c0000000-0000-0000-0000-000000000010', 'hearing', 3, null);
insert into checkin_scores (checkin_id, question_id, score_int, selected_options) values ('c0000000-0000-0000-0000-000000000010', 'memory', 3, null);
insert into checkin_scores (checkin_id, question_id, score_int, selected_options) values ('c0000000-0000-0000-0000-000000000010', 'toothache', 3, null);
insert into checkin_scores (checkin_id, question_id, score_int, selected_options) values ('c0000000-0000-0000-0000-000000000010', 'pain', null, '{}'::text[]);
insert into checkins (id, senior_id, checkin_date, completed, completed_at, note) values ('c0000000-0000-0000-0000-000000000011', '11111111-1111-1111-1111-111111111111', '2026-04-20'::date, true, '2026-04-20T08:35:00+08:00'::timestamptz, null);
insert into checkin_scores (checkin_id, question_id, score_int, selected_options) values ('c0000000-0000-0000-0000-000000000011', 'vision', 4, null);
insert into checkin_scores (checkin_id, question_id, score_int, selected_options) values ('c0000000-0000-0000-0000-000000000011', 'sleep', 4, null);
insert into checkin_scores (checkin_id, question_id, score_int, selected_options) values ('c0000000-0000-0000-0000-000000000011', 'appetite', 3, null);
insert into checkin_scores (checkin_id, question_id, score_int, selected_options) values ('c0000000-0000-0000-0000-000000000011', 'balance', 3, null);
insert into checkin_scores (checkin_id, question_id, score_int, selected_options) values ('c0000000-0000-0000-0000-000000000011', 'hearing', 4, null);
insert into checkin_scores (checkin_id, question_id, score_int, selected_options) values ('c0000000-0000-0000-0000-000000000011', 'memory', 4, null);
insert into checkin_scores (checkin_id, question_id, score_int, selected_options) values ('c0000000-0000-0000-0000-000000000011', 'toothache', 3, null);
insert into checkin_scores (checkin_id, question_id, score_int, selected_options) values ('c0000000-0000-0000-0000-000000000011', 'pain', null, '{"lower_back"}'::text[]);
insert into checkins (id, senior_id, checkin_date, completed, completed_at, note) values ('c0000000-0000-0000-0000-000000000012', '11111111-1111-1111-1111-111111111111', '2026-04-21'::date, true, '2026-04-21T09:00:00+08:00'::timestamptz, null);
insert into checkin_scores (checkin_id, question_id, score_int, selected_options) values ('c0000000-0000-0000-0000-000000000012', 'vision', 3, null);
insert into checkin_scores (checkin_id, question_id, score_int, selected_options) values ('c0000000-0000-0000-0000-000000000012', 'sleep', 3, null);
insert into checkin_scores (checkin_id, question_id, score_int, selected_options) values ('c0000000-0000-0000-0000-000000000012', 'appetite', 4, null);
insert into checkin_scores (checkin_id, question_id, score_int, selected_options) values ('c0000000-0000-0000-0000-000000000012', 'balance', 3, null);
insert into checkin_scores (checkin_id, question_id, score_int, selected_options) values ('c0000000-0000-0000-0000-000000000012', 'hearing', 4, null);
insert into checkin_scores (checkin_id, question_id, score_int, selected_options) values ('c0000000-0000-0000-0000-000000000012', 'memory', 4, null);
insert into checkin_scores (checkin_id, question_id, score_int, selected_options) values ('c0000000-0000-0000-0000-000000000012', 'toothache', 3, null);
insert into checkin_scores (checkin_id, question_id, score_int, selected_options) values ('c0000000-0000-0000-0000-000000000012', 'pain', null, '{}'::text[]);
insert into checkins (id, senior_id, checkin_date, completed, completed_at, note) values ('c0000000-0000-0000-0000-000000000013', '11111111-1111-1111-1111-111111111111', '2026-04-22'::date, true, '2026-04-22T08:45:00+08:00'::timestamptz, null);
insert into checkin_scores (checkin_id, question_id, score_int, selected_options) values ('c0000000-0000-0000-0000-000000000013', 'vision', 4, null);
insert into checkin_scores (checkin_id, question_id, score_int, selected_options) values ('c0000000-0000-0000-0000-000000000013', 'sleep', 2, null);
insert into checkin_scores (checkin_id, question_id, score_int, selected_options) values ('c0000000-0000-0000-0000-000000000013', 'appetite', 3, null);
insert into checkin_scores (checkin_id, question_id, score_int, selected_options) values ('c0000000-0000-0000-0000-000000000013', 'balance', 3, null);
insert into checkin_scores (checkin_id, question_id, score_int, selected_options) values ('c0000000-0000-0000-0000-000000000013', 'hearing', 4, null);
insert into checkin_scores (checkin_id, question_id, score_int, selected_options) values ('c0000000-0000-0000-0000-000000000013', 'memory', 3, null);
insert into checkin_scores (checkin_id, question_id, score_int, selected_options) values ('c0000000-0000-0000-0000-000000000013', 'toothache', 3, null);
insert into checkin_scores (checkin_id, question_id, score_int, selected_options) values ('c0000000-0000-0000-0000-000000000013', 'pain', null, '{"knee"}'::text[]);
insert into checkins (id, senior_id, checkin_date, completed, completed_at, note) values ('c0000000-0000-0000-0000-000000000014', '11111111-1111-1111-1111-111111111111', '2026-04-23'::date, true, '2026-04-23T09:10:00+08:00'::timestamptz, null);
insert into checkin_scores (checkin_id, question_id, score_int, selected_options) values ('c0000000-0000-0000-0000-000000000014', 'vision', 4, null);
insert into checkin_scores (checkin_id, question_id, score_int, selected_options) values ('c0000000-0000-0000-0000-000000000014', 'sleep', 3, null);
insert into checkin_scores (checkin_id, question_id, score_int, selected_options) values ('c0000000-0000-0000-0000-000000000014', 'appetite', 3, null);
insert into checkin_scores (checkin_id, question_id, score_int, selected_options) values ('c0000000-0000-0000-0000-000000000014', 'balance', 4, null);
insert into checkin_scores (checkin_id, question_id, score_int, selected_options) values ('c0000000-0000-0000-0000-000000000014', 'hearing', 4, null);
insert into checkin_scores (checkin_id, question_id, score_int, selected_options) values ('c0000000-0000-0000-0000-000000000014', 'memory', 4, null);
insert into checkin_scores (checkin_id, question_id, score_int, selected_options) values ('c0000000-0000-0000-0000-000000000014', 'toothache', 4, null);
insert into checkin_scores (checkin_id, question_id, score_int, selected_options) values ('c0000000-0000-0000-0000-000000000014', 'pain', null, '{}'::text[]);
insert into checkins (id, senior_id, checkin_date, completed, completed_at, note) values ('c0000000-0000-0000-0000-000000000015', '11111111-1111-1111-1111-111111111111', '2026-04-24'::date, true, '2026-04-24T08:50:00+08:00'::timestamptz, null);
insert into checkin_scores (checkin_id, question_id, score_int, selected_options) values ('c0000000-0000-0000-0000-000000000015', 'vision', 4, null);
insert into checkin_scores (checkin_id, question_id, score_int, selected_options) values ('c0000000-0000-0000-0000-000000000015', 'sleep', 3, null);
insert into checkin_scores (checkin_id, question_id, score_int, selected_options) values ('c0000000-0000-0000-0000-000000000015', 'appetite', 4, null);
insert into checkin_scores (checkin_id, question_id, score_int, selected_options) values ('c0000000-0000-0000-0000-000000000015', 'balance', 3, null);
insert into checkin_scores (checkin_id, question_id, score_int, selected_options) values ('c0000000-0000-0000-0000-000000000015', 'hearing', 3, null);
insert into checkin_scores (checkin_id, question_id, score_int, selected_options) values ('c0000000-0000-0000-0000-000000000015', 'memory', 4, null);
insert into checkin_scores (checkin_id, question_id, score_int, selected_options) values ('c0000000-0000-0000-0000-000000000015', 'toothache', 3, null);
insert into checkin_scores (checkin_id, question_id, score_int, selected_options) values ('c0000000-0000-0000-0000-000000000015', 'pain', null, '{}'::text[]);
insert into checkins (id, senior_id, checkin_date, completed, completed_at, note) values ('c0000000-0000-0000-0000-000000000016', '11111111-1111-1111-1111-111111111111', '2026-04-25'::date, true, '2026-04-25T09:05:00+08:00'::timestamptz, null);
insert into checkin_scores (checkin_id, question_id, score_int, selected_options) values ('c0000000-0000-0000-0000-000000000016', 'vision', 3, null);
insert into checkin_scores (checkin_id, question_id, score_int, selected_options) values ('c0000000-0000-0000-0000-000000000016', 'sleep', 2, null);
insert into checkin_scores (checkin_id, question_id, score_int, selected_options) values ('c0000000-0000-0000-0000-000000000016', 'appetite', 3, null);
insert into checkin_scores (checkin_id, question_id, score_int, selected_options) values ('c0000000-0000-0000-0000-000000000016', 'balance', 3, null);
insert into checkin_scores (checkin_id, question_id, score_int, selected_options) values ('c0000000-0000-0000-0000-000000000016', 'hearing', 4, null);
insert into checkin_scores (checkin_id, question_id, score_int, selected_options) values ('c0000000-0000-0000-0000-000000000016', 'memory', 4, null);
insert into checkin_scores (checkin_id, question_id, score_int, selected_options) values ('c0000000-0000-0000-0000-000000000016', 'toothache', 3, null);
insert into checkin_scores (checkin_id, question_id, score_int, selected_options) values ('c0000000-0000-0000-0000-000000000016', 'pain', null, '{"lower_back"}'::text[]);
insert into checkins (id, senior_id, checkin_date, completed, completed_at, note) values ('c0000000-0000-0000-0000-000000000017', '11111111-1111-1111-1111-111111111111', '2026-04-26'::date, true, '2026-04-26T08:40:00+08:00'::timestamptz, null);
insert into checkin_scores (checkin_id, question_id, score_int, selected_options) values ('c0000000-0000-0000-0000-000000000017', 'vision', 4, null);
insert into checkin_scores (checkin_id, question_id, score_int, selected_options) values ('c0000000-0000-0000-0000-000000000017', 'sleep', 3, null);
insert into checkin_scores (checkin_id, question_id, score_int, selected_options) values ('c0000000-0000-0000-0000-000000000017', 'appetite', 3, null);
insert into checkin_scores (checkin_id, question_id, score_int, selected_options) values ('c0000000-0000-0000-0000-000000000017', 'balance', 3, null);
insert into checkin_scores (checkin_id, question_id, score_int, selected_options) values ('c0000000-0000-0000-0000-000000000017', 'hearing', 4, null);
insert into checkin_scores (checkin_id, question_id, score_int, selected_options) values ('c0000000-0000-0000-0000-000000000017', 'memory', 3, null);
insert into checkin_scores (checkin_id, question_id, score_int, selected_options) values ('c0000000-0000-0000-0000-000000000017', 'toothache', 3, null);
insert into checkin_scores (checkin_id, question_id, score_int, selected_options) values ('c0000000-0000-0000-0000-000000000017', 'pain', null, '{}'::text[]);
insert into checkins (id, senior_id, checkin_date, completed, completed_at, note) values ('c0000000-0000-0000-0000-000000000018', '11111111-1111-1111-1111-111111111111', '2026-04-27'::date, true, '2026-04-27T09:15:00+08:00'::timestamptz, null);
insert into checkin_scores (checkin_id, question_id, score_int, selected_options) values ('c0000000-0000-0000-0000-000000000018', 'vision', 4, null);
insert into checkin_scores (checkin_id, question_id, score_int, selected_options) values ('c0000000-0000-0000-0000-000000000018', 'sleep', 3, null);
insert into checkin_scores (checkin_id, question_id, score_int, selected_options) values ('c0000000-0000-0000-0000-000000000018', 'appetite', 3, null);
insert into checkin_scores (checkin_id, question_id, score_int, selected_options) values ('c0000000-0000-0000-0000-000000000018', 'balance', 3, null);
insert into checkin_scores (checkin_id, question_id, score_int, selected_options) values ('c0000000-0000-0000-0000-000000000018', 'hearing', 4, null);
insert into checkin_scores (checkin_id, question_id, score_int, selected_options) values ('c0000000-0000-0000-0000-000000000018', 'memory', 4, null);
insert into checkin_scores (checkin_id, question_id, score_int, selected_options) values ('c0000000-0000-0000-0000-000000000018', 'toothache', 3, null);
insert into checkin_scores (checkin_id, question_id, score_int, selected_options) values ('c0000000-0000-0000-0000-000000000018', 'pain', null, '{"knee"}'::text[]);
insert into checkins (id, senior_id, checkin_date, completed, completed_at, note) values ('c0000000-0000-0000-0000-000000000019', '11111111-1111-1111-1111-111111111111', '2026-04-28'::date, true, '2026-04-28T08:55:00+08:00'::timestamptz, null);
insert into checkin_scores (checkin_id, question_id, score_int, selected_options) values ('c0000000-0000-0000-0000-000000000019', 'vision', 4, null);
insert into checkin_scores (checkin_id, question_id, score_int, selected_options) values ('c0000000-0000-0000-0000-000000000019', 'sleep', 2, null);
insert into checkin_scores (checkin_id, question_id, score_int, selected_options) values ('c0000000-0000-0000-0000-000000000019', 'appetite', 3, null);
insert into checkin_scores (checkin_id, question_id, score_int, selected_options) values ('c0000000-0000-0000-0000-000000000019', 'balance', 4, null);
insert into checkin_scores (checkin_id, question_id, score_int, selected_options) values ('c0000000-0000-0000-0000-000000000019', 'hearing', 4, null);
insert into checkin_scores (checkin_id, question_id, score_int, selected_options) values ('c0000000-0000-0000-0000-000000000019', 'memory', 4, null);
insert into checkin_scores (checkin_id, question_id, score_int, selected_options) values ('c0000000-0000-0000-0000-000000000019', 'toothache', 3, null);
insert into checkin_scores (checkin_id, question_id, score_int, selected_options) values ('c0000000-0000-0000-0000-000000000019', 'pain', null, '{}'::text[]);
insert into checkins (id, senior_id, checkin_date, completed, completed_at, note) values ('c0000000-0000-0000-0000-000000000020', '11111111-1111-1111-1111-111111111111', '2026-04-29'::date, true, '2026-04-29T09:00:00+08:00'::timestamptz, null);
insert into checkin_scores (checkin_id, question_id, score_int, selected_options) values ('c0000000-0000-0000-0000-000000000020', 'vision', 3, null);
insert into checkin_scores (checkin_id, question_id, score_int, selected_options) values ('c0000000-0000-0000-0000-000000000020', 'sleep', 3, null);
insert into checkin_scores (checkin_id, question_id, score_int, selected_options) values ('c0000000-0000-0000-0000-000000000020', 'appetite', 2, null);
insert into checkin_scores (checkin_id, question_id, score_int, selected_options) values ('c0000000-0000-0000-0000-000000000020', 'balance', 3, null);
insert into checkin_scores (checkin_id, question_id, score_int, selected_options) values ('c0000000-0000-0000-0000-000000000020', 'hearing', 3, null);
insert into checkin_scores (checkin_id, question_id, score_int, selected_options) values ('c0000000-0000-0000-0000-000000000020', 'memory', 3, null);
insert into checkin_scores (checkin_id, question_id, score_int, selected_options) values ('c0000000-0000-0000-0000-000000000020', 'toothache', 3, null);
insert into checkin_scores (checkin_id, question_id, score_int, selected_options) values ('c0000000-0000-0000-0000-000000000020', 'pain', null, '{"lower_back"}'::text[]);
insert into checkins (id, senior_id, checkin_date, completed, completed_at, note) values ('c0000000-0000-0000-0000-000000000021', '11111111-1111-1111-1111-111111111111', '2026-04-30'::date, true, '2026-04-30T08:45:00+08:00'::timestamptz, null);
insert into checkin_scores (checkin_id, question_id, score_int, selected_options) values ('c0000000-0000-0000-0000-000000000021', 'vision', 4, null);
insert into checkin_scores (checkin_id, question_id, score_int, selected_options) values ('c0000000-0000-0000-0000-000000000021', 'sleep', 2, null);
insert into checkin_scores (checkin_id, question_id, score_int, selected_options) values ('c0000000-0000-0000-0000-000000000021', 'appetite', 3, null);
insert into checkin_scores (checkin_id, question_id, score_int, selected_options) values ('c0000000-0000-0000-0000-000000000021', 'balance', 3, null);
insert into checkin_scores (checkin_id, question_id, score_int, selected_options) values ('c0000000-0000-0000-0000-000000000021', 'hearing', 4, null);
insert into checkin_scores (checkin_id, question_id, score_int, selected_options) values ('c0000000-0000-0000-0000-000000000021', 'memory', 4, null);
insert into checkin_scores (checkin_id, question_id, score_int, selected_options) values ('c0000000-0000-0000-0000-000000000021', 'toothache', 3, null);
insert into checkin_scores (checkin_id, question_id, score_int, selected_options) values ('c0000000-0000-0000-0000-000000000021', 'pain', null, '{}'::text[]);
insert into checkins (id, senior_id, checkin_date, completed, completed_at, note) values ('c0000000-0000-0000-0000-000000000022', '11111111-1111-1111-1111-111111111111', '2026-05-01'::date, true, '2026-05-01T09:10:00+08:00'::timestamptz, null);
insert into checkin_scores (checkin_id, question_id, score_int, selected_options) values ('c0000000-0000-0000-0000-000000000022', 'vision', 4, null);
insert into checkin_scores (checkin_id, question_id, score_int, selected_options) values ('c0000000-0000-0000-0000-000000000022', 'sleep', 3, null);
insert into checkin_scores (checkin_id, question_id, score_int, selected_options) values ('c0000000-0000-0000-0000-000000000022', 'appetite', 3, null);
insert into checkin_scores (checkin_id, question_id, score_int, selected_options) values ('c0000000-0000-0000-0000-000000000022', 'balance', 3, null);
insert into checkin_scores (checkin_id, question_id, score_int, selected_options) values ('c0000000-0000-0000-0000-000000000022', 'hearing', 4, null);
insert into checkin_scores (checkin_id, question_id, score_int, selected_options) values ('c0000000-0000-0000-0000-000000000022', 'memory', 4, null);
insert into checkin_scores (checkin_id, question_id, score_int, selected_options) values ('c0000000-0000-0000-0000-000000000022', 'toothache', 3, null);
insert into checkin_scores (checkin_id, question_id, score_int, selected_options) values ('c0000000-0000-0000-0000-000000000022', 'pain', null, '{"knee"}'::text[]);
insert into checkins (id, senior_id, checkin_date, completed, completed_at, note) values ('c0000000-0000-0000-0000-000000000023', '11111111-1111-1111-1111-111111111111', '2026-05-02'::date, true, '2026-05-02T08:50:00+08:00'::timestamptz, null);
insert into checkin_scores (checkin_id, question_id, score_int, selected_options) values ('c0000000-0000-0000-0000-000000000023', 'vision', 3, null);
insert into checkin_scores (checkin_id, question_id, score_int, selected_options) values ('c0000000-0000-0000-0000-000000000023', 'sleep', 2, null);
insert into checkin_scores (checkin_id, question_id, score_int, selected_options) values ('c0000000-0000-0000-0000-000000000023', 'appetite', 2, null);
insert into checkin_scores (checkin_id, question_id, score_int, selected_options) values ('c0000000-0000-0000-0000-000000000023', 'balance', 3, null);
insert into checkin_scores (checkin_id, question_id, score_int, selected_options) values ('c0000000-0000-0000-0000-000000000023', 'hearing', 3, null);
insert into checkin_scores (checkin_id, question_id, score_int, selected_options) values ('c0000000-0000-0000-0000-000000000023', 'memory', 3, null);
insert into checkin_scores (checkin_id, question_id, score_int, selected_options) values ('c0000000-0000-0000-0000-000000000023', 'toothache', 3, null);
insert into checkin_scores (checkin_id, question_id, score_int, selected_options) values ('c0000000-0000-0000-0000-000000000023', 'pain', null, '{}'::text[]);
insert into checkins (id, senior_id, checkin_date, completed, completed_at, note) values ('c0000000-0000-0000-0000-000000000024', '11111111-1111-1111-1111-111111111111', '2026-05-03'::date, true, '2026-05-03T09:05:00+08:00'::timestamptz, null);
insert into checkin_scores (checkin_id, question_id, score_int, selected_options) values ('c0000000-0000-0000-0000-000000000024', 'vision', 4, null);
insert into checkin_scores (checkin_id, question_id, score_int, selected_options) values ('c0000000-0000-0000-0000-000000000024', 'sleep', 2, null);
insert into checkin_scores (checkin_id, question_id, score_int, selected_options) values ('c0000000-0000-0000-0000-000000000024', 'appetite', 3, null);
insert into checkin_scores (checkin_id, question_id, score_int, selected_options) values ('c0000000-0000-0000-0000-000000000024', 'balance', 4, null);
insert into checkin_scores (checkin_id, question_id, score_int, selected_options) values ('c0000000-0000-0000-0000-000000000024', 'hearing', 4, null);
insert into checkin_scores (checkin_id, question_id, score_int, selected_options) values ('c0000000-0000-0000-0000-000000000024', 'memory', 4, null);
insert into checkin_scores (checkin_id, question_id, score_int, selected_options) values ('c0000000-0000-0000-0000-000000000024', 'toothache', 3, null);
insert into checkin_scores (checkin_id, question_id, score_int, selected_options) values ('c0000000-0000-0000-0000-000000000024', 'pain', null, '{"lower_back"}'::text[]);
insert into checkins (id, senior_id, checkin_date, completed, completed_at, note) values ('c0000000-0000-0000-0000-000000000025', '11111111-1111-1111-1111-111111111111', '2026-05-04'::date, true, '2026-05-04T08:40:00+08:00'::timestamptz, null);
insert into checkin_scores (checkin_id, question_id, score_int, selected_options) values ('c0000000-0000-0000-0000-000000000025', 'vision', 4, null);
insert into checkin_scores (checkin_id, question_id, score_int, selected_options) values ('c0000000-0000-0000-0000-000000000025', 'sleep', 3, null);
insert into checkin_scores (checkin_id, question_id, score_int, selected_options) values ('c0000000-0000-0000-0000-000000000025', 'appetite', 2, null);
insert into checkin_scores (checkin_id, question_id, score_int, selected_options) values ('c0000000-0000-0000-0000-000000000025', 'balance', 3, null);
insert into checkin_scores (checkin_id, question_id, score_int, selected_options) values ('c0000000-0000-0000-0000-000000000025', 'hearing', 4, null);
insert into checkin_scores (checkin_id, question_id, score_int, selected_options) values ('c0000000-0000-0000-0000-000000000025', 'memory', 3, null);
insert into checkin_scores (checkin_id, question_id, score_int, selected_options) values ('c0000000-0000-0000-0000-000000000025', 'toothache', 3, null);
insert into checkin_scores (checkin_id, question_id, score_int, selected_options) values ('c0000000-0000-0000-0000-000000000025', 'pain', null, '{}'::text[]);
insert into checkins (id, senior_id, checkin_date, completed, completed_at, note) values ('c0000000-0000-0000-0000-000000000026', '11111111-1111-1111-1111-111111111111', '2026-05-05'::date, true, '2026-05-05T09:15:00+08:00'::timestamptz, null);
insert into checkin_scores (checkin_id, question_id, score_int, selected_options) values ('c0000000-0000-0000-0000-000000000026', 'vision', 4, null);
insert into checkin_scores (checkin_id, question_id, score_int, selected_options) values ('c0000000-0000-0000-0000-000000000026', 'sleep', 3, null);
insert into checkin_scores (checkin_id, question_id, score_int, selected_options) values ('c0000000-0000-0000-0000-000000000026', 'appetite', 3, null);
insert into checkin_scores (checkin_id, question_id, score_int, selected_options) values ('c0000000-0000-0000-0000-000000000026', 'balance', 3, null);
insert into checkin_scores (checkin_id, question_id, score_int, selected_options) values ('c0000000-0000-0000-0000-000000000026', 'hearing', 4, null);
insert into checkin_scores (checkin_id, question_id, score_int, selected_options) values ('c0000000-0000-0000-0000-000000000026', 'memory', 4, null);
insert into checkin_scores (checkin_id, question_id, score_int, selected_options) values ('c0000000-0000-0000-0000-000000000026', 'toothache', 3, null);
insert into checkin_scores (checkin_id, question_id, score_int, selected_options) values ('c0000000-0000-0000-0000-000000000026', 'pain', null, '{"knee"}'::text[]);
insert into checkins (id, senior_id, checkin_date, completed, completed_at, note) values ('c0000000-0000-0000-0000-000000000027', '11111111-1111-1111-1111-111111111111', '2026-05-06'::date, true, '2026-05-06T08:55:00+08:00'::timestamptz, null);
insert into checkin_scores (checkin_id, question_id, score_int, selected_options) values ('c0000000-0000-0000-0000-000000000027', 'vision', 3, null);
insert into checkin_scores (checkin_id, question_id, score_int, selected_options) values ('c0000000-0000-0000-0000-000000000027', 'sleep', 2, null);
insert into checkin_scores (checkin_id, question_id, score_int, selected_options) values ('c0000000-0000-0000-0000-000000000027', 'appetite', 2, null);
insert into checkin_scores (checkin_id, question_id, score_int, selected_options) values ('c0000000-0000-0000-0000-000000000027', 'balance', 3, null);
insert into checkin_scores (checkin_id, question_id, score_int, selected_options) values ('c0000000-0000-0000-0000-000000000027', 'hearing', 3, null);
insert into checkin_scores (checkin_id, question_id, score_int, selected_options) values ('c0000000-0000-0000-0000-000000000027', 'memory', 3, null);
insert into checkin_scores (checkin_id, question_id, score_int, selected_options) values ('c0000000-0000-0000-0000-000000000027', 'toothache', 3, null);
insert into checkin_scores (checkin_id, question_id, score_int, selected_options) values ('c0000000-0000-0000-0000-000000000027', 'pain', null, '{}'::text[]);
insert into checkins (id, senior_id, checkin_date, completed, completed_at, note) values ('c0000000-0000-0000-0000-000000000028', '11111111-1111-1111-1111-111111111111', '2026-05-07'::date, true, '2026-05-07T09:00:00+08:00'::timestamptz, null);
insert into checkin_scores (checkin_id, question_id, score_int, selected_options) values ('c0000000-0000-0000-0000-000000000028', 'vision', 4, null);
insert into checkin_scores (checkin_id, question_id, score_int, selected_options) values ('c0000000-0000-0000-0000-000000000028', 'sleep', 2, null);
insert into checkin_scores (checkin_id, question_id, score_int, selected_options) values ('c0000000-0000-0000-0000-000000000028', 'appetite', 2, null);
insert into checkin_scores (checkin_id, question_id, score_int, selected_options) values ('c0000000-0000-0000-0000-000000000028', 'balance', 3, null);
insert into checkin_scores (checkin_id, question_id, score_int, selected_options) values ('c0000000-0000-0000-0000-000000000028', 'hearing', 4, null);
insert into checkin_scores (checkin_id, question_id, score_int, selected_options) values ('c0000000-0000-0000-0000-000000000028', 'memory', 4, null);
insert into checkin_scores (checkin_id, question_id, score_int, selected_options) values ('c0000000-0000-0000-0000-000000000028', 'toothache', 2, null);
insert into checkin_scores (checkin_id, question_id, score_int, selected_options) values ('c0000000-0000-0000-0000-000000000028', 'pain', null, '{"lower_back"}'::text[]);
insert into checkins (id, senior_id, checkin_date, completed, completed_at, note) values ('c0000000-0000-0000-0000-000000000029', '11111111-1111-1111-1111-111111111111', '2026-05-08'::date, true, '2026-05-08T08:45:00+08:00'::timestamptz, null);
insert into checkin_scores (checkin_id, question_id, score_int, selected_options) values ('c0000000-0000-0000-0000-000000000029', 'vision', 4, null);
insert into checkin_scores (checkin_id, question_id, score_int, selected_options) values ('c0000000-0000-0000-0000-000000000029', 'sleep', 2, null);
insert into checkin_scores (checkin_id, question_id, score_int, selected_options) values ('c0000000-0000-0000-0000-000000000029', 'appetite', 2, null);
insert into checkin_scores (checkin_id, question_id, score_int, selected_options) values ('c0000000-0000-0000-0000-000000000029', 'balance', 3, null);
insert into checkin_scores (checkin_id, question_id, score_int, selected_options) values ('c0000000-0000-0000-0000-000000000029', 'hearing', 4, null);
insert into checkin_scores (checkin_id, question_id, score_int, selected_options) values ('c0000000-0000-0000-0000-000000000029', 'memory', 3, null);
insert into checkin_scores (checkin_id, question_id, score_int, selected_options) values ('c0000000-0000-0000-0000-000000000029', 'toothache', 3, null);
insert into checkin_scores (checkin_id, question_id, score_int, selected_options) values ('c0000000-0000-0000-0000-000000000029', 'pain', null, '{}'::text[]);
insert into checkins (id, senior_id, checkin_date, completed, completed_at, note) values ('c0000000-0000-0000-0000-000000000030', '11111111-1111-1111-1111-111111111111', '2026-05-09'::date, true, '2026-05-09T08:30:00+08:00'::timestamptz, null);
insert into checkin_scores (checkin_id, question_id, score_int, selected_options) values ('c0000000-0000-0000-0000-000000000030', 'vision', 4, null);
insert into checkin_scores (checkin_id, question_id, score_int, selected_options) values ('c0000000-0000-0000-0000-000000000030', 'sleep', 2, null);
insert into checkin_scores (checkin_id, question_id, score_int, selected_options) values ('c0000000-0000-0000-0000-000000000030', 'appetite', 3, null);
insert into checkin_scores (checkin_id, question_id, score_int, selected_options) values ('c0000000-0000-0000-0000-000000000030', 'balance', 3, null);
insert into checkin_scores (checkin_id, question_id, score_int, selected_options) values ('c0000000-0000-0000-0000-000000000030', 'hearing', 4, null);
insert into checkin_scores (checkin_id, question_id, score_int, selected_options) values ('c0000000-0000-0000-0000-000000000030', 'memory', 4, null);
insert into checkin_scores (checkin_id, question_id, score_int, selected_options) values ('c0000000-0000-0000-0000-000000000030', 'toothache', 3, null);
insert into checkin_scores (checkin_id, question_id, score_int, selected_options) values ('c0000000-0000-0000-0000-000000000030', 'pain', null, '{"knee"}'::text[]);
insert into checkins (id, senior_id, checkin_date, completed, completed_at, note) values ('c0000000-0000-0000-0000-000000000031', '22222222-2222-2222-2222-222222222222', '2026-04-10'::date, true, '2026-04-10T10:15:00+08:00'::timestamptz, null);
insert into checkin_scores (checkin_id, question_id, score_int, selected_options) values ('c0000000-0000-0000-0000-000000000031', 'sleep', 3, null);
insert into checkin_scores (checkin_id, question_id, score_int, selected_options) values ('c0000000-0000-0000-0000-000000000031', 'appetite', 3, null);
insert into checkin_scores (checkin_id, question_id, score_int, selected_options) values ('c0000000-0000-0000-0000-000000000031', 'tired', 3, null);
insert into checkin_scores (checkin_id, question_id, score_int, selected_options) values ('c0000000-0000-0000-0000-000000000031', 'toothache', 5, null);
insert into checkin_scores (checkin_id, question_id, score_int, selected_options) values ('c0000000-0000-0000-0000-000000000031', 'pain', null, '{"lower_back"}'::text[]);
insert into checkins (id, senior_id, checkin_date, completed, completed_at, note) values ('c0000000-0000-0000-0000-000000000032', '22222222-2222-2222-2222-222222222222', '2026-04-11'::date, true, '2026-04-11T10:30:00+08:00'::timestamptz, null);
insert into checkin_scores (checkin_id, question_id, score_int, selected_options) values ('c0000000-0000-0000-0000-000000000032', 'sleep', 3, null);
insert into checkin_scores (checkin_id, question_id, score_int, selected_options) values ('c0000000-0000-0000-0000-000000000032', 'appetite', 3, null);
insert into checkin_scores (checkin_id, question_id, score_int, selected_options) values ('c0000000-0000-0000-0000-000000000032', 'tired', 3, null);
insert into checkin_scores (checkin_id, question_id, score_int, selected_options) values ('c0000000-0000-0000-0000-000000000032', 'toothache', 5, null);
insert into checkin_scores (checkin_id, question_id, score_int, selected_options) values ('c0000000-0000-0000-0000-000000000032', 'pain', null, '{"lower_back"}'::text[]);
insert into checkins (id, senior_id, checkin_date, completed, completed_at, note) values ('c0000000-0000-0000-0000-000000000033', '22222222-2222-2222-2222-222222222222', '2026-04-12'::date, true, '2026-04-12T16:45:00+08:00'::timestamptz, 'Chemo infusion day 1');
insert into checkin_scores (checkin_id, question_id, score_int, selected_options) values ('c0000000-0000-0000-0000-000000000033', 'sleep', 3, null);
insert into checkin_scores (checkin_id, question_id, score_int, selected_options) values ('c0000000-0000-0000-0000-000000000033', 'appetite', 2, null);
insert into checkin_scores (checkin_id, question_id, score_int, selected_options) values ('c0000000-0000-0000-0000-000000000033', 'tired', 2, null);
insert into checkin_scores (checkin_id, question_id, score_int, selected_options) values ('c0000000-0000-0000-0000-000000000033', 'toothache', 4, null);
insert into checkin_scores (checkin_id, question_id, score_int, selected_options) values ('c0000000-0000-0000-0000-000000000033', 'pain', null, '{"lower_back","stomach"}'::text[]);
insert into checkins (id, senior_id, checkin_date, completed, completed_at, note) values ('c0000000-0000-0000-0000-000000000034', '22222222-2222-2222-2222-222222222222', '2026-04-13'::date, true, '2026-04-13T11:00:00+08:00'::timestamptz, null);
insert into checkin_scores (checkin_id, question_id, score_int, selected_options) values ('c0000000-0000-0000-0000-000000000034', 'sleep', 2, null);
insert into checkin_scores (checkin_id, question_id, score_int, selected_options) values ('c0000000-0000-0000-0000-000000000034', 'appetite', 2, null);
insert into checkin_scores (checkin_id, question_id, score_int, selected_options) values ('c0000000-0000-0000-0000-000000000034', 'tired', 2, null);
insert into checkin_scores (checkin_id, question_id, score_int, selected_options) values ('c0000000-0000-0000-0000-000000000034', 'toothache', 4, null);
insert into checkin_scores (checkin_id, question_id, score_int, selected_options) values ('c0000000-0000-0000-0000-000000000034', 'pain', null, '{"stomach","headache"}'::text[]);
insert into checkins (id, senior_id, checkin_date, completed, completed_at, note) values ('c0000000-0000-0000-0000-000000000035', '22222222-2222-2222-2222-222222222222', '2026-04-14'::date, true, '2026-04-14T10:45:00+08:00'::timestamptz, null);
insert into checkin_scores (checkin_id, question_id, score_int, selected_options) values ('c0000000-0000-0000-0000-000000000035', 'sleep', 2, null);
insert into checkin_scores (checkin_id, question_id, score_int, selected_options) values ('c0000000-0000-0000-0000-000000000035', 'appetite', 1, null);
insert into checkin_scores (checkin_id, question_id, score_int, selected_options) values ('c0000000-0000-0000-0000-000000000035', 'tired', 1, null);
insert into checkin_scores (checkin_id, question_id, score_int, selected_options) values ('c0000000-0000-0000-0000-000000000035', 'toothache', 3, null);
insert into checkin_scores (checkin_id, question_id, score_int, selected_options) values ('c0000000-0000-0000-0000-000000000035', 'pain', null, '{"stomach","headache","wrist","ankle"}'::text[]);
insert into checkins (id, senior_id, checkin_date, completed, completed_at, note) values ('c0000000-0000-0000-0000-000000000036', '22222222-2222-2222-2222-222222222222', '2026-04-15'::date, true, '2026-04-15T11:20:00+08:00'::timestamptz, null);
insert into checkin_scores (checkin_id, question_id, score_int, selected_options) values ('c0000000-0000-0000-0000-000000000036', 'sleep', 1, null);
insert into checkin_scores (checkin_id, question_id, score_int, selected_options) values ('c0000000-0000-0000-0000-000000000036', 'appetite', 1, null);
insert into checkin_scores (checkin_id, question_id, score_int, selected_options) values ('c0000000-0000-0000-0000-000000000036', 'tired', 1, null);
insert into checkin_scores (checkin_id, question_id, score_int, selected_options) values ('c0000000-0000-0000-0000-000000000036', 'toothache', 2, null);
insert into checkin_scores (checkin_id, question_id, score_int, selected_options) values ('c0000000-0000-0000-0000-000000000036', 'pain', null, '{"stomach","wrist","ankle","shoulder"}'::text[]);
insert into checkins (id, senior_id, checkin_date, completed, completed_at, note) values ('c0000000-0000-0000-0000-000000000037', '22222222-2222-2222-2222-222222222222', '2026-04-16'::date, true, '2026-04-16T10:50:00+08:00'::timestamptz, null);
insert into checkin_scores (checkin_id, question_id, score_int, selected_options) values ('c0000000-0000-0000-0000-000000000037', 'sleep', 2, null);
insert into checkin_scores (checkin_id, question_id, score_int, selected_options) values ('c0000000-0000-0000-0000-000000000037', 'appetite', 1, null);
insert into checkin_scores (checkin_id, question_id, score_int, selected_options) values ('c0000000-0000-0000-0000-000000000037', 'tired', 1, null);
insert into checkin_scores (checkin_id, question_id, score_int, selected_options) values ('c0000000-0000-0000-0000-000000000037', 'toothache', 2, null);
insert into checkin_scores (checkin_id, question_id, score_int, selected_options) values ('c0000000-0000-0000-0000-000000000037', 'pain', null, '{"stomach","wrist","ankle"}'::text[]);
insert into checkins (id, senior_id, checkin_date, completed, completed_at, note) values ('c0000000-0000-0000-0000-000000000038', '22222222-2222-2222-2222-222222222222', '2026-04-17'::date, true, '2026-04-17T11:05:00+08:00'::timestamptz, null);
insert into checkin_scores (checkin_id, question_id, score_int, selected_options) values ('c0000000-0000-0000-0000-000000000038', 'sleep', 2, null);
insert into checkin_scores (checkin_id, question_id, score_int, selected_options) values ('c0000000-0000-0000-0000-000000000038', 'appetite', 1, null);
insert into checkin_scores (checkin_id, question_id, score_int, selected_options) values ('c0000000-0000-0000-0000-000000000038', 'tired', 1, null);
insert into checkin_scores (checkin_id, question_id, score_int, selected_options) values ('c0000000-0000-0000-0000-000000000038', 'toothache', 3, null);
insert into checkin_scores (checkin_id, question_id, score_int, selected_options) values ('c0000000-0000-0000-0000-000000000038', 'pain', null, '{"stomach","wrist"}'::text[]);
insert into checkins (id, senior_id, checkin_date, completed, completed_at, note) values ('c0000000-0000-0000-0000-000000000039', '22222222-2222-2222-2222-222222222222', '2026-04-18'::date, true, '2026-04-18T10:40:00+08:00'::timestamptz, null);
insert into checkin_scores (checkin_id, question_id, score_int, selected_options) values ('c0000000-0000-0000-0000-000000000039', 'sleep', 2, null);
insert into checkin_scores (checkin_id, question_id, score_int, selected_options) values ('c0000000-0000-0000-0000-000000000039', 'appetite', 2, null);
insert into checkin_scores (checkin_id, question_id, score_int, selected_options) values ('c0000000-0000-0000-0000-000000000039', 'tired', 2, null);
insert into checkin_scores (checkin_id, question_id, score_int, selected_options) values ('c0000000-0000-0000-0000-000000000039', 'toothache', 3, null);
insert into checkin_scores (checkin_id, question_id, score_int, selected_options) values ('c0000000-0000-0000-0000-000000000039', 'pain', null, '{"wrist","ankle"}'::text[]);
insert into checkins (id, senior_id, checkin_date, completed, completed_at, note) values ('c0000000-0000-0000-0000-000000000040', '22222222-2222-2222-2222-222222222222', '2026-04-19'::date, true, '2026-04-19T10:55:00+08:00'::timestamptz, null);
insert into checkin_scores (checkin_id, question_id, score_int, selected_options) values ('c0000000-0000-0000-0000-000000000040', 'sleep', 3, null);
insert into checkin_scores (checkin_id, question_id, score_int, selected_options) values ('c0000000-0000-0000-0000-000000000040', 'appetite', 2, null);
insert into checkin_scores (checkin_id, question_id, score_int, selected_options) values ('c0000000-0000-0000-0000-000000000040', 'tired', 2, null);
insert into checkin_scores (checkin_id, question_id, score_int, selected_options) values ('c0000000-0000-0000-0000-000000000040', 'toothache', 4, null);
insert into checkin_scores (checkin_id, question_id, score_int, selected_options) values ('c0000000-0000-0000-0000-000000000040', 'pain', null, '{"lower_back","wrist"}'::text[]);
insert into checkins (id, senior_id, checkin_date, completed, completed_at, note) values ('c0000000-0000-0000-0000-000000000041', '22222222-2222-2222-2222-222222222222', '2026-04-20'::date, true, '2026-04-20T11:10:00+08:00'::timestamptz, null);
insert into checkin_scores (checkin_id, question_id, score_int, selected_options) values ('c0000000-0000-0000-0000-000000000041', 'sleep', 3, null);
insert into checkin_scores (checkin_id, question_id, score_int, selected_options) values ('c0000000-0000-0000-0000-000000000041', 'appetite', 3, null);
insert into checkin_scores (checkin_id, question_id, score_int, selected_options) values ('c0000000-0000-0000-0000-000000000041', 'tired', 3, null);
insert into checkin_scores (checkin_id, question_id, score_int, selected_options) values ('c0000000-0000-0000-0000-000000000041', 'toothache', 4, null);
insert into checkin_scores (checkin_id, question_id, score_int, selected_options) values ('c0000000-0000-0000-0000-000000000041', 'pain', null, '{"lower_back"}'::text[]);
insert into checkins (id, senior_id, checkin_date, completed, completed_at, note) values ('c0000000-0000-0000-0000-000000000042', '22222222-2222-2222-2222-222222222222', '2026-04-21'::date, true, '2026-04-21T10:30:00+08:00'::timestamptz, null);
insert into checkin_scores (checkin_id, question_id, score_int, selected_options) values ('c0000000-0000-0000-0000-000000000042', 'sleep', 3, null);
insert into checkin_scores (checkin_id, question_id, score_int, selected_options) values ('c0000000-0000-0000-0000-000000000042', 'appetite', 3, null);
insert into checkin_scores (checkin_id, question_id, score_int, selected_options) values ('c0000000-0000-0000-0000-000000000042', 'tired', 3, null);
insert into checkin_scores (checkin_id, question_id, score_int, selected_options) values ('c0000000-0000-0000-0000-000000000042', 'toothache', 5, null);
insert into checkin_scores (checkin_id, question_id, score_int, selected_options) values ('c0000000-0000-0000-0000-000000000042', 'pain', null, '{"lower_back"}'::text[]);
insert into checkins (id, senior_id, checkin_date, completed, completed_at, note) values ('c0000000-0000-0000-0000-000000000043', '22222222-2222-2222-2222-222222222222', '2026-04-22'::date, true, '2026-04-22T10:45:00+08:00'::timestamptz, null);
insert into checkin_scores (checkin_id, question_id, score_int, selected_options) values ('c0000000-0000-0000-0000-000000000043', 'sleep', 3, null);
insert into checkin_scores (checkin_id, question_id, score_int, selected_options) values ('c0000000-0000-0000-0000-000000000043', 'appetite', 3, null);
insert into checkin_scores (checkin_id, question_id, score_int, selected_options) values ('c0000000-0000-0000-0000-000000000043', 'tired', 3, null);
insert into checkin_scores (checkin_id, question_id, score_int, selected_options) values ('c0000000-0000-0000-0000-000000000043', 'toothache', 5, null);
insert into checkin_scores (checkin_id, question_id, score_int, selected_options) values ('c0000000-0000-0000-0000-000000000043', 'pain', null, '{}'::text[]);
insert into checkins (id, senior_id, checkin_date, completed, completed_at, note) values ('c0000000-0000-0000-0000-000000000044', '22222222-2222-2222-2222-222222222222', '2026-04-23'::date, true, '2026-04-23T11:00:00+08:00'::timestamptz, null);
insert into checkin_scores (checkin_id, question_id, score_int, selected_options) values ('c0000000-0000-0000-0000-000000000044', 'sleep', 4, null);
insert into checkin_scores (checkin_id, question_id, score_int, selected_options) values ('c0000000-0000-0000-0000-000000000044', 'appetite', 3, null);
insert into checkin_scores (checkin_id, question_id, score_int, selected_options) values ('c0000000-0000-0000-0000-000000000044', 'tired', 3, null);
insert into checkin_scores (checkin_id, question_id, score_int, selected_options) values ('c0000000-0000-0000-0000-000000000044', 'toothache', 5, null);
insert into checkin_scores (checkin_id, question_id, score_int, selected_options) values ('c0000000-0000-0000-0000-000000000044', 'pain', null, '{}'::text[]);
insert into checkins (id, senior_id, checkin_date, completed, completed_at, note) values ('c0000000-0000-0000-0000-000000000045', '22222222-2222-2222-2222-222222222222', '2026-04-24'::date, true, '2026-04-24T10:35:00+08:00'::timestamptz, null);
insert into checkin_scores (checkin_id, question_id, score_int, selected_options) values ('c0000000-0000-0000-0000-000000000045', 'sleep', 3, null);
insert into checkin_scores (checkin_id, question_id, score_int, selected_options) values ('c0000000-0000-0000-0000-000000000045', 'appetite', 3, null);
insert into checkin_scores (checkin_id, question_id, score_int, selected_options) values ('c0000000-0000-0000-0000-000000000045', 'tired', 3, null);
insert into checkin_scores (checkin_id, question_id, score_int, selected_options) values ('c0000000-0000-0000-0000-000000000045', 'toothache', 5, null);
insert into checkin_scores (checkin_id, question_id, score_int, selected_options) values ('c0000000-0000-0000-0000-000000000045', 'pain', null, '{"lower_back"}'::text[]);
insert into checkins (id, senior_id, checkin_date, completed, completed_at, note) values ('c0000000-0000-0000-0000-000000000046', '22222222-2222-2222-2222-222222222222', '2026-04-25'::date, true, '2026-04-25T10:50:00+08:00'::timestamptz, null);
insert into checkin_scores (checkin_id, question_id, score_int, selected_options) values ('c0000000-0000-0000-0000-000000000046', 'sleep', 3, null);
insert into checkin_scores (checkin_id, question_id, score_int, selected_options) values ('c0000000-0000-0000-0000-000000000046', 'appetite', 3, null);
insert into checkin_scores (checkin_id, question_id, score_int, selected_options) values ('c0000000-0000-0000-0000-000000000046', 'tired', 3, null);
insert into checkin_scores (checkin_id, question_id, score_int, selected_options) values ('c0000000-0000-0000-0000-000000000046', 'toothache', 5, null);
insert into checkin_scores (checkin_id, question_id, score_int, selected_options) values ('c0000000-0000-0000-0000-000000000046', 'pain', null, '{}'::text[]);
insert into checkins (id, senior_id, checkin_date, completed, completed_at, note) values ('c0000000-0000-0000-0000-000000000047', '22222222-2222-2222-2222-222222222222', '2026-04-26'::date, true, '2026-04-26T11:05:00+08:00'::timestamptz, null);
insert into checkin_scores (checkin_id, question_id, score_int, selected_options) values ('c0000000-0000-0000-0000-000000000047', 'sleep', 4, null);
insert into checkin_scores (checkin_id, question_id, score_int, selected_options) values ('c0000000-0000-0000-0000-000000000047', 'appetite', 4, null);
insert into checkin_scores (checkin_id, question_id, score_int, selected_options) values ('c0000000-0000-0000-0000-000000000047', 'tired', 4, null);
insert into checkin_scores (checkin_id, question_id, score_int, selected_options) values ('c0000000-0000-0000-0000-000000000047', 'toothache', 5, null);
insert into checkin_scores (checkin_id, question_id, score_int, selected_options) values ('c0000000-0000-0000-0000-000000000047', 'pain', null, '{}'::text[]);
insert into checkins (id, senior_id, checkin_date, completed, completed_at, note) values ('c0000000-0000-0000-0000-000000000048', '22222222-2222-2222-2222-222222222222', '2026-04-27'::date, true, '2026-04-27T10:40:00+08:00'::timestamptz, null);
insert into checkin_scores (checkin_id, question_id, score_int, selected_options) values ('c0000000-0000-0000-0000-000000000048', 'sleep', 3, null);
insert into checkin_scores (checkin_id, question_id, score_int, selected_options) values ('c0000000-0000-0000-0000-000000000048', 'appetite', 3, null);
insert into checkin_scores (checkin_id, question_id, score_int, selected_options) values ('c0000000-0000-0000-0000-000000000048', 'tired', 3, null);
insert into checkin_scores (checkin_id, question_id, score_int, selected_options) values ('c0000000-0000-0000-0000-000000000048', 'toothache', 5, null);
insert into checkin_scores (checkin_id, question_id, score_int, selected_options) values ('c0000000-0000-0000-0000-000000000048', 'pain', null, '{"lower_back"}'::text[]);
insert into checkins (id, senior_id, checkin_date, completed, completed_at, note) values ('c0000000-0000-0000-0000-000000000049', '22222222-2222-2222-2222-222222222222', '2026-04-28'::date, true, '2026-04-28T10:55:00+08:00'::timestamptz, null);
insert into checkin_scores (checkin_id, question_id, score_int, selected_options) values ('c0000000-0000-0000-0000-000000000049', 'sleep', 3, null);
insert into checkin_scores (checkin_id, question_id, score_int, selected_options) values ('c0000000-0000-0000-0000-000000000049', 'appetite', 3, null);
insert into checkin_scores (checkin_id, question_id, score_int, selected_options) values ('c0000000-0000-0000-0000-000000000049', 'tired', 3, null);
insert into checkin_scores (checkin_id, question_id, score_int, selected_options) values ('c0000000-0000-0000-0000-000000000049', 'toothache', 5, null);
insert into checkin_scores (checkin_id, question_id, score_int, selected_options) values ('c0000000-0000-0000-0000-000000000049', 'pain', null, '{}'::text[]);
insert into checkins (id, senior_id, checkin_date, completed, completed_at, note) values ('c0000000-0000-0000-0000-000000000050', '22222222-2222-2222-2222-222222222222', '2026-04-29'::date, true, '2026-04-29T11:10:00+08:00'::timestamptz, null);
insert into checkin_scores (checkin_id, question_id, score_int, selected_options) values ('c0000000-0000-0000-0000-000000000050', 'sleep', 3, null);
insert into checkin_scores (checkin_id, question_id, score_int, selected_options) values ('c0000000-0000-0000-0000-000000000050', 'appetite', 3, null);
insert into checkin_scores (checkin_id, question_id, score_int, selected_options) values ('c0000000-0000-0000-0000-000000000050', 'tired', 3, null);
insert into checkin_scores (checkin_id, question_id, score_int, selected_options) values ('c0000000-0000-0000-0000-000000000050', 'toothache', 5, null);
insert into checkin_scores (checkin_id, question_id, score_int, selected_options) values ('c0000000-0000-0000-0000-000000000050', 'pain', null, '{}'::text[]);
insert into checkins (id, senior_id, checkin_date, completed, completed_at, note) values ('c0000000-0000-0000-0000-000000000051', '22222222-2222-2222-2222-222222222222', '2026-04-30'::date, true, '2026-04-30T10:30:00+08:00'::timestamptz, null);
insert into checkin_scores (checkin_id, question_id, score_int, selected_options) values ('c0000000-0000-0000-0000-000000000051', 'sleep', 4, null);
insert into checkin_scores (checkin_id, question_id, score_int, selected_options) values ('c0000000-0000-0000-0000-000000000051', 'appetite', 4, null);
insert into checkin_scores (checkin_id, question_id, score_int, selected_options) values ('c0000000-0000-0000-0000-000000000051', 'tired', 4, null);
insert into checkin_scores (checkin_id, question_id, score_int, selected_options) values ('c0000000-0000-0000-0000-000000000051', 'toothache', 5, null);
insert into checkin_scores (checkin_id, question_id, score_int, selected_options) values ('c0000000-0000-0000-0000-000000000051', 'pain', null, '{}'::text[]);
insert into checkins (id, senior_id, checkin_date, completed, completed_at, note) values ('c0000000-0000-0000-0000-000000000052', '22222222-2222-2222-2222-222222222222', '2026-05-01'::date, true, '2026-05-01T10:45:00+08:00'::timestamptz, null);
insert into checkin_scores (checkin_id, question_id, score_int, selected_options) values ('c0000000-0000-0000-0000-000000000052', 'sleep', 3, null);
insert into checkin_scores (checkin_id, question_id, score_int, selected_options) values ('c0000000-0000-0000-0000-000000000052', 'appetite', 3, null);
insert into checkin_scores (checkin_id, question_id, score_int, selected_options) values ('c0000000-0000-0000-0000-000000000052', 'tired', 3, null);
insert into checkin_scores (checkin_id, question_id, score_int, selected_options) values ('c0000000-0000-0000-0000-000000000052', 'toothache', 5, null);
insert into checkin_scores (checkin_id, question_id, score_int, selected_options) values ('c0000000-0000-0000-0000-000000000052', 'pain', null, '{"lower_back"}'::text[]);
insert into checkins (id, senior_id, checkin_date, completed, completed_at, note) values ('c0000000-0000-0000-0000-000000000053', '22222222-2222-2222-2222-222222222222', '2026-05-02'::date, true, '2026-05-02T11:00:00+08:00'::timestamptz, null);
insert into checkin_scores (checkin_id, question_id, score_int, selected_options) values ('c0000000-0000-0000-0000-000000000053', 'sleep', 3, null);
insert into checkin_scores (checkin_id, question_id, score_int, selected_options) values ('c0000000-0000-0000-0000-000000000053', 'appetite', 3, null);
insert into checkin_scores (checkin_id, question_id, score_int, selected_options) values ('c0000000-0000-0000-0000-000000000053', 'tired', 3, null);
insert into checkin_scores (checkin_id, question_id, score_int, selected_options) values ('c0000000-0000-0000-0000-000000000053', 'toothache', 5, null);
insert into checkin_scores (checkin_id, question_id, score_int, selected_options) values ('c0000000-0000-0000-0000-000000000053', 'pain', null, '{}'::text[]);
insert into checkins (id, senior_id, checkin_date, completed, completed_at, note) values ('c0000000-0000-0000-0000-000000000054', '22222222-2222-2222-2222-222222222222', '2026-05-03'::date, true, '2026-05-03T10:35:00+08:00'::timestamptz, null);
insert into checkin_scores (checkin_id, question_id, score_int, selected_options) values ('c0000000-0000-0000-0000-000000000054', 'sleep', 3, null);
insert into checkin_scores (checkin_id, question_id, score_int, selected_options) values ('c0000000-0000-0000-0000-000000000054', 'appetite', 3, null);
insert into checkin_scores (checkin_id, question_id, score_int, selected_options) values ('c0000000-0000-0000-0000-000000000054', 'tired', 3, null);
insert into checkin_scores (checkin_id, question_id, score_int, selected_options) values ('c0000000-0000-0000-0000-000000000054', 'toothache', 5, null);
insert into checkin_scores (checkin_id, question_id, score_int, selected_options) values ('c0000000-0000-0000-0000-000000000054', 'pain', null, '{}'::text[]);
insert into checkins (id, senior_id, checkin_date, completed, completed_at, note) values ('c0000000-0000-0000-0000-000000000055', '22222222-2222-2222-2222-222222222222', '2026-05-04'::date, true, '2026-05-04T10:50:00+08:00'::timestamptz, null);
insert into checkin_scores (checkin_id, question_id, score_int, selected_options) values ('c0000000-0000-0000-0000-000000000055', 'sleep', 3, null);
insert into checkin_scores (checkin_id, question_id, score_int, selected_options) values ('c0000000-0000-0000-0000-000000000055', 'appetite', 3, null);
insert into checkin_scores (checkin_id, question_id, score_int, selected_options) values ('c0000000-0000-0000-0000-000000000055', 'tired', 3, null);
insert into checkin_scores (checkin_id, question_id, score_int, selected_options) values ('c0000000-0000-0000-0000-000000000055', 'toothache', 5, null);
insert into checkin_scores (checkin_id, question_id, score_int, selected_options) values ('c0000000-0000-0000-0000-000000000055', 'pain', null, '{"lower_back"}'::text[]);
insert into checkins (id, senior_id, checkin_date, completed, completed_at, note) values ('c0000000-0000-0000-0000-000000000056', '22222222-2222-2222-2222-222222222222', '2026-05-05'::date, true, '2026-05-05T11:05:00+08:00'::timestamptz, null);
insert into checkin_scores (checkin_id, question_id, score_int, selected_options) values ('c0000000-0000-0000-0000-000000000056', 'sleep', 4, null);
insert into checkin_scores (checkin_id, question_id, score_int, selected_options) values ('c0000000-0000-0000-0000-000000000056', 'appetite', 4, null);
insert into checkin_scores (checkin_id, question_id, score_int, selected_options) values ('c0000000-0000-0000-0000-000000000056', 'tired', 4, null);
insert into checkin_scores (checkin_id, question_id, score_int, selected_options) values ('c0000000-0000-0000-0000-000000000056', 'toothache', 5, null);
insert into checkin_scores (checkin_id, question_id, score_int, selected_options) values ('c0000000-0000-0000-0000-000000000056', 'pain', null, '{}'::text[]);
insert into checkins (id, senior_id, checkin_date, completed, completed_at, note) values ('c0000000-0000-0000-0000-000000000057', '22222222-2222-2222-2222-222222222222', '2026-05-06'::date, true, '2026-05-06T10:40:00+08:00'::timestamptz, null);
insert into checkin_scores (checkin_id, question_id, score_int, selected_options) values ('c0000000-0000-0000-0000-000000000057', 'sleep', 3, null);
insert into checkin_scores (checkin_id, question_id, score_int, selected_options) values ('c0000000-0000-0000-0000-000000000057', 'appetite', 3, null);
insert into checkin_scores (checkin_id, question_id, score_int, selected_options) values ('c0000000-0000-0000-0000-000000000057', 'tired', 3, null);
insert into checkin_scores (checkin_id, question_id, score_int, selected_options) values ('c0000000-0000-0000-0000-000000000057', 'toothache', 5, null);
insert into checkin_scores (checkin_id, question_id, score_int, selected_options) values ('c0000000-0000-0000-0000-000000000057', 'pain', null, '{}'::text[]);
insert into checkins (id, senior_id, checkin_date, completed, completed_at, note) values ('c0000000-0000-0000-0000-000000000058', '22222222-2222-2222-2222-222222222222', '2026-05-07'::date, true, '2026-05-07T10:55:00+08:00'::timestamptz, null);
insert into checkin_scores (checkin_id, question_id, score_int, selected_options) values ('c0000000-0000-0000-0000-000000000058', 'sleep', 3, null);
insert into checkin_scores (checkin_id, question_id, score_int, selected_options) values ('c0000000-0000-0000-0000-000000000058', 'appetite', 3, null);
insert into checkin_scores (checkin_id, question_id, score_int, selected_options) values ('c0000000-0000-0000-0000-000000000058', 'tired', 3, null);
insert into checkin_scores (checkin_id, question_id, score_int, selected_options) values ('c0000000-0000-0000-0000-000000000058', 'toothache', 5, null);
insert into checkin_scores (checkin_id, question_id, score_int, selected_options) values ('c0000000-0000-0000-0000-000000000058', 'pain', null, '{"lower_back"}'::text[]);
insert into checkins (id, senior_id, checkin_date, completed, completed_at, note) values ('c0000000-0000-0000-0000-000000000059', '22222222-2222-2222-2222-222222222222', '2026-05-08'::date, true, '2026-05-08T11:10:00+08:00'::timestamptz, null);
insert into checkin_scores (checkin_id, question_id, score_int, selected_options) values ('c0000000-0000-0000-0000-000000000059', 'sleep', 3, null);
insert into checkin_scores (checkin_id, question_id, score_int, selected_options) values ('c0000000-0000-0000-0000-000000000059', 'appetite', 3, null);
insert into checkin_scores (checkin_id, question_id, score_int, selected_options) values ('c0000000-0000-0000-0000-000000000059', 'tired', 3, null);
insert into checkin_scores (checkin_id, question_id, score_int, selected_options) values ('c0000000-0000-0000-0000-000000000059', 'toothache', 5, null);
insert into checkin_scores (checkin_id, question_id, score_int, selected_options) values ('c0000000-0000-0000-0000-000000000059', 'pain', null, '{}'::text[]);
insert into checkins (id, senior_id, checkin_date, completed, completed_at, note) values ('c0000000-0000-0000-0000-000000000060', '22222222-2222-2222-2222-222222222222', '2026-05-09'::date, true, '2026-05-09T10:30:00+08:00'::timestamptz, null);
insert into checkin_scores (checkin_id, question_id, score_int, selected_options) values ('c0000000-0000-0000-0000-000000000060', 'sleep', 3, null);
insert into checkin_scores (checkin_id, question_id, score_int, selected_options) values ('c0000000-0000-0000-0000-000000000060', 'appetite', 3, null);
insert into checkin_scores (checkin_id, question_id, score_int, selected_options) values ('c0000000-0000-0000-0000-000000000060', 'tired', 3, null);
insert into checkin_scores (checkin_id, question_id, score_int, selected_options) values ('c0000000-0000-0000-0000-000000000060', 'toothache', 5, null);
insert into checkin_scores (checkin_id, question_id, score_int, selected_options) values ('c0000000-0000-0000-0000-000000000060', 'pain', null, '{}'::text[]);
insert into checkins (id, senior_id, checkin_date, completed, completed_at, note) values ('c0000000-0000-0000-0000-000000000061', '33333333-3333-3333-3333-333333333333', '2026-04-10'::date, true, '2026-04-10T07:30:00+08:00'::timestamptz, null);
insert into checkin_scores (checkin_id, question_id, score_int, selected_options) values ('c0000000-0000-0000-0000-000000000061', 'vision', 4, null);
insert into checkin_scores (checkin_id, question_id, score_int, selected_options) values ('c0000000-0000-0000-0000-000000000061', 'balance', 4, null);
insert into checkin_scores (checkin_id, question_id, score_int, selected_options) values ('c0000000-0000-0000-0000-000000000061', 'tired', 4, null);
insert into checkin_scores (checkin_id, question_id, score_int, selected_options) values ('c0000000-0000-0000-0000-000000000061', 'pain', null, '{}'::text[]);
insert into checkin_scores (checkin_id, question_id, score_int, selected_options) values ('c0000000-0000-0000-0000-000000000061', 'appetite', 4, null);
insert into checkin_scores (checkin_id, question_id, score_int, selected_options) values ('c0000000-0000-0000-0000-000000000061', 'memory', 4, null);
insert into checkins (id, senior_id, checkin_date, completed, completed_at, note) values ('c0000000-0000-0000-0000-000000000062', '33333333-3333-3333-3333-333333333333', '2026-04-11'::date, true, '2026-04-11T07:45:00+08:00'::timestamptz, null);
insert into checkin_scores (checkin_id, question_id, score_int, selected_options) values ('c0000000-0000-0000-0000-000000000062', 'vision', 4, null);
insert into checkin_scores (checkin_id, question_id, score_int, selected_options) values ('c0000000-0000-0000-0000-000000000062', 'balance', 4, null);
insert into checkin_scores (checkin_id, question_id, score_int, selected_options) values ('c0000000-0000-0000-0000-000000000062', 'tired', 4, null);
insert into checkin_scores (checkin_id, question_id, score_int, selected_options) values ('c0000000-0000-0000-0000-000000000062', 'pain', null, '{}'::text[]);
insert into checkin_scores (checkin_id, question_id, score_int, selected_options) values ('c0000000-0000-0000-0000-000000000062', 'appetite', 4, null);
insert into checkin_scores (checkin_id, question_id, score_int, selected_options) values ('c0000000-0000-0000-0000-000000000062', 'memory', 4, null);
insert into checkins (id, senior_id, checkin_date, completed, completed_at, note) values ('c0000000-0000-0000-0000-000000000063', '33333333-3333-3333-3333-333333333333', '2026-04-12'::date, true, '2026-04-12T07:20:00+08:00'::timestamptz, 'Badminton day - feeling strong');
insert into checkin_scores (checkin_id, question_id, score_int, selected_options) values ('c0000000-0000-0000-0000-000000000063', 'vision', 4, null);
insert into checkin_scores (checkin_id, question_id, score_int, selected_options) values ('c0000000-0000-0000-0000-000000000063', 'balance', 5, null);
insert into checkin_scores (checkin_id, question_id, score_int, selected_options) values ('c0000000-0000-0000-0000-000000000063', 'tired', 5, null);
insert into checkin_scores (checkin_id, question_id, score_int, selected_options) values ('c0000000-0000-0000-0000-000000000063', 'pain', null, '{}'::text[]);
insert into checkin_scores (checkin_id, question_id, score_int, selected_options) values ('c0000000-0000-0000-0000-000000000063', 'appetite', 4, null);
insert into checkin_scores (checkin_id, question_id, score_int, selected_options) values ('c0000000-0000-0000-0000-000000000063', 'memory', 4, null);
insert into checkins (id, senior_id, checkin_date, completed, completed_at, note) values ('c0000000-0000-0000-0000-000000000064', '33333333-3333-3333-3333-333333333333', '2026-04-13'::date, true, '2026-04-13T07:40:00+08:00'::timestamptz, 'Sore from badminton');
insert into checkin_scores (checkin_id, question_id, score_int, selected_options) values ('c0000000-0000-0000-0000-000000000064', 'vision', 4, null);
insert into checkin_scores (checkin_id, question_id, score_int, selected_options) values ('c0000000-0000-0000-0000-000000000064', 'balance', 4, null);
insert into checkin_scores (checkin_id, question_id, score_int, selected_options) values ('c0000000-0000-0000-0000-000000000064', 'tired', 3, null);
insert into checkin_scores (checkin_id, question_id, score_int, selected_options) values ('c0000000-0000-0000-0000-000000000064', 'pain', null, '{"knee","ankle"}'::text[]);
insert into checkin_scores (checkin_id, question_id, score_int, selected_options) values ('c0000000-0000-0000-0000-000000000064', 'appetite', 4, null);
insert into checkin_scores (checkin_id, question_id, score_int, selected_options) values ('c0000000-0000-0000-0000-000000000064', 'memory', 4, null);
insert into checkins (id, senior_id, checkin_date, completed, completed_at, note) values ('c0000000-0000-0000-0000-000000000065', '33333333-3333-3333-3333-333333333333', '2026-04-14'::date, true, '2026-04-14T07:35:00+08:00'::timestamptz, null);
insert into checkin_scores (checkin_id, question_id, score_int, selected_options) values ('c0000000-0000-0000-0000-000000000065', 'vision', 4, null);
insert into checkin_scores (checkin_id, question_id, score_int, selected_options) values ('c0000000-0000-0000-0000-000000000065', 'balance', 4, null);
insert into checkin_scores (checkin_id, question_id, score_int, selected_options) values ('c0000000-0000-0000-0000-000000000065', 'tired', 4, null);
insert into checkin_scores (checkin_id, question_id, score_int, selected_options) values ('c0000000-0000-0000-0000-000000000065', 'pain', null, '{"ankle"}'::text[]);
insert into checkin_scores (checkin_id, question_id, score_int, selected_options) values ('c0000000-0000-0000-0000-000000000065', 'appetite', 4, null);
insert into checkin_scores (checkin_id, question_id, score_int, selected_options) values ('c0000000-0000-0000-0000-000000000065', 'memory', 4, null);
insert into checkins (id, senior_id, checkin_date, completed, completed_at, note) values ('c0000000-0000-0000-0000-000000000066', '33333333-3333-3333-3333-333333333333', '2026-04-15'::date, true, '2026-04-15T07:50:00+08:00'::timestamptz, null);
insert into checkin_scores (checkin_id, question_id, score_int, selected_options) values ('c0000000-0000-0000-0000-000000000066', 'vision', 3, null);
insert into checkin_scores (checkin_id, question_id, score_int, selected_options) values ('c0000000-0000-0000-0000-000000000066', 'balance', 4, null);
insert into checkin_scores (checkin_id, question_id, score_int, selected_options) values ('c0000000-0000-0000-0000-000000000066', 'tired', 4, null);
insert into checkin_scores (checkin_id, question_id, score_int, selected_options) values ('c0000000-0000-0000-0000-000000000066', 'pain', null, '{}'::text[]);
insert into checkin_scores (checkin_id, question_id, score_int, selected_options) values ('c0000000-0000-0000-0000-000000000066', 'appetite', 4, null);
insert into checkin_scores (checkin_id, question_id, score_int, selected_options) values ('c0000000-0000-0000-0000-000000000066', 'memory', 3, null);
insert into checkins (id, senior_id, checkin_date, completed, completed_at, note) values ('c0000000-0000-0000-0000-000000000067', '33333333-3333-3333-3333-333333333333', '2026-04-16'::date, true, '2026-04-16T07:25:00+08:00'::timestamptz, null);
insert into checkin_scores (checkin_id, question_id, score_int, selected_options) values ('c0000000-0000-0000-0000-000000000067', 'vision', 4, null);
insert into checkin_scores (checkin_id, question_id, score_int, selected_options) values ('c0000000-0000-0000-0000-000000000067', 'balance', 4, null);
insert into checkin_scores (checkin_id, question_id, score_int, selected_options) values ('c0000000-0000-0000-0000-000000000067', 'tired', 4, null);
insert into checkin_scores (checkin_id, question_id, score_int, selected_options) values ('c0000000-0000-0000-0000-000000000067', 'pain', null, '{}'::text[]);
insert into checkin_scores (checkin_id, question_id, score_int, selected_options) values ('c0000000-0000-0000-0000-000000000067', 'appetite', 5, null);
insert into checkin_scores (checkin_id, question_id, score_int, selected_options) values ('c0000000-0000-0000-0000-000000000067', 'memory', 4, null);
insert into checkins (id, senior_id, checkin_date, completed, completed_at, note) values ('c0000000-0000-0000-0000-000000000068', '33333333-3333-3333-3333-333333333333', '2026-04-17'::date, false, null, 'Missed check-in');
insert into checkins (id, senior_id, checkin_date, completed, completed_at, note) values ('c0000000-0000-0000-0000-000000000069', '33333333-3333-3333-3333-333333333333', '2026-04-18'::date, true, '2026-04-18T07:40:00+08:00'::timestamptz, 'Felt lightheaded in morning (possible low glucose)');
insert into checkin_scores (checkin_id, question_id, score_int, selected_options) values ('c0000000-0000-0000-0000-000000000069', 'vision', 3, null);
insert into checkin_scores (checkin_id, question_id, score_int, selected_options) values ('c0000000-0000-0000-0000-000000000069', 'balance', 3, null);
insert into checkin_scores (checkin_id, question_id, score_int, selected_options) values ('c0000000-0000-0000-0000-000000000069', 'tired', 3, null);
insert into checkin_scores (checkin_id, question_id, score_int, selected_options) values ('c0000000-0000-0000-0000-000000000069', 'pain', null, '{"ankle"}'::text[]);
insert into checkin_scores (checkin_id, question_id, score_int, selected_options) values ('c0000000-0000-0000-0000-000000000069', 'appetite', 3, null);
insert into checkin_scores (checkin_id, question_id, score_int, selected_options) values ('c0000000-0000-0000-0000-000000000069', 'memory', 3, null);
insert into checkins (id, senior_id, checkin_date, completed, completed_at, note) values ('c0000000-0000-0000-0000-000000000070', '33333333-3333-3333-3333-333333333333', '2026-04-19'::date, true, '2026-04-19T07:35:00+08:00'::timestamptz, null);
insert into checkin_scores (checkin_id, question_id, score_int, selected_options) values ('c0000000-0000-0000-0000-000000000070', 'vision', 4, null);
insert into checkin_scores (checkin_id, question_id, score_int, selected_options) values ('c0000000-0000-0000-0000-000000000070', 'balance', 4, null);
insert into checkin_scores (checkin_id, question_id, score_int, selected_options) values ('c0000000-0000-0000-0000-000000000070', 'tired', 4, null);
insert into checkin_scores (checkin_id, question_id, score_int, selected_options) values ('c0000000-0000-0000-0000-000000000070', 'pain', null, '{}'::text[]);
insert into checkin_scores (checkin_id, question_id, score_int, selected_options) values ('c0000000-0000-0000-0000-000000000070', 'appetite', 4, null);
insert into checkin_scores (checkin_id, question_id, score_int, selected_options) values ('c0000000-0000-0000-0000-000000000070', 'memory', 4, null);
insert into checkins (id, senior_id, checkin_date, completed, completed_at, note) values ('c0000000-0000-0000-0000-000000000071', '33333333-3333-3333-3333-333333333333', '2026-04-20'::date, true, '2026-04-20T07:45:00+08:00'::timestamptz, 'Badminton day');
insert into checkin_scores (checkin_id, question_id, score_int, selected_options) values ('c0000000-0000-0000-0000-000000000071', 'vision', 4, null);
insert into checkin_scores (checkin_id, question_id, score_int, selected_options) values ('c0000000-0000-0000-0000-000000000071', 'balance', 5, null);
insert into checkin_scores (checkin_id, question_id, score_int, selected_options) values ('c0000000-0000-0000-0000-000000000071', 'tired', 5, null);
insert into checkin_scores (checkin_id, question_id, score_int, selected_options) values ('c0000000-0000-0000-0000-000000000071', 'pain', null, '{}'::text[]);
insert into checkin_scores (checkin_id, question_id, score_int, selected_options) values ('c0000000-0000-0000-0000-000000000071', 'appetite', 4, null);
insert into checkin_scores (checkin_id, question_id, score_int, selected_options) values ('c0000000-0000-0000-0000-000000000071', 'memory', 4, null);
insert into checkins (id, senior_id, checkin_date, completed, completed_at, note) values ('c0000000-0000-0000-0000-000000000072', '33333333-3333-3333-3333-333333333333', '2026-04-21'::date, true, '2026-04-21T07:30:00+08:00'::timestamptz, null);
insert into checkin_scores (checkin_id, question_id, score_int, selected_options) values ('c0000000-0000-0000-0000-000000000072', 'vision', 4, null);
insert into checkin_scores (checkin_id, question_id, score_int, selected_options) values ('c0000000-0000-0000-0000-000000000072', 'balance', 4, null);
insert into checkin_scores (checkin_id, question_id, score_int, selected_options) values ('c0000000-0000-0000-0000-000000000072', 'tired', 3, null);
insert into checkin_scores (checkin_id, question_id, score_int, selected_options) values ('c0000000-0000-0000-0000-000000000072', 'pain', null, '{"knee"}'::text[]);
insert into checkin_scores (checkin_id, question_id, score_int, selected_options) values ('c0000000-0000-0000-0000-000000000072', 'appetite', 4, null);
insert into checkin_scores (checkin_id, question_id, score_int, selected_options) values ('c0000000-0000-0000-0000-000000000072', 'memory', 4, null);
insert into checkins (id, senior_id, checkin_date, completed, completed_at, note) values ('c0000000-0000-0000-0000-000000000073', '33333333-3333-3333-3333-333333333333', '2026-04-22'::date, true, '2026-04-22T07:50:00+08:00'::timestamptz, null);
insert into checkin_scores (checkin_id, question_id, score_int, selected_options) values ('c0000000-0000-0000-0000-000000000073', 'vision', 4, null);
insert into checkin_scores (checkin_id, question_id, score_int, selected_options) values ('c0000000-0000-0000-0000-000000000073', 'balance', 4, null);
insert into checkin_scores (checkin_id, question_id, score_int, selected_options) values ('c0000000-0000-0000-0000-000000000073', 'tired', 4, null);
insert into checkin_scores (checkin_id, question_id, score_int, selected_options) values ('c0000000-0000-0000-0000-000000000073', 'pain', null, '{}'::text[]);
insert into checkin_scores (checkin_id, question_id, score_int, selected_options) values ('c0000000-0000-0000-0000-000000000073', 'appetite', 4, null);
insert into checkin_scores (checkin_id, question_id, score_int, selected_options) values ('c0000000-0000-0000-0000-000000000073', 'memory', 4, null);
insert into checkins (id, senior_id, checkin_date, completed, completed_at, note) values ('c0000000-0000-0000-0000-000000000074', '33333333-3333-3333-3333-333333333333', '2026-04-23'::date, true, '2026-04-23T07:25:00+08:00'::timestamptz, null);
insert into checkin_scores (checkin_id, question_id, score_int, selected_options) values ('c0000000-0000-0000-0000-000000000074', 'vision', 4, null);
insert into checkin_scores (checkin_id, question_id, score_int, selected_options) values ('c0000000-0000-0000-0000-000000000074', 'balance', 4, null);
insert into checkin_scores (checkin_id, question_id, score_int, selected_options) values ('c0000000-0000-0000-0000-000000000074', 'tired', 4, null);
insert into checkin_scores (checkin_id, question_id, score_int, selected_options) values ('c0000000-0000-0000-0000-000000000074', 'pain', null, '{}'::text[]);
insert into checkin_scores (checkin_id, question_id, score_int, selected_options) values ('c0000000-0000-0000-0000-000000000074', 'appetite', 4, null);
insert into checkin_scores (checkin_id, question_id, score_int, selected_options) values ('c0000000-0000-0000-0000-000000000074', 'memory', 5, null);
insert into checkins (id, senior_id, checkin_date, completed, completed_at, note) values ('c0000000-0000-0000-0000-000000000075', '33333333-3333-3333-3333-333333333333', '2026-04-24'::date, true, '2026-04-24T07:40:00+08:00'::timestamptz, null);
insert into checkin_scores (checkin_id, question_id, score_int, selected_options) values ('c0000000-0000-0000-0000-000000000075', 'vision', 3, null);
insert into checkin_scores (checkin_id, question_id, score_int, selected_options) values ('c0000000-0000-0000-0000-000000000075', 'balance', 4, null);
insert into checkin_scores (checkin_id, question_id, score_int, selected_options) values ('c0000000-0000-0000-0000-000000000075', 'tired', 4, null);
insert into checkin_scores (checkin_id, question_id, score_int, selected_options) values ('c0000000-0000-0000-0000-000000000075', 'pain', null, '{"ankle"}'::text[]);
insert into checkin_scores (checkin_id, question_id, score_int, selected_options) values ('c0000000-0000-0000-0000-000000000075', 'appetite', 4, null);
insert into checkin_scores (checkin_id, question_id, score_int, selected_options) values ('c0000000-0000-0000-0000-000000000075', 'memory', 4, null);
insert into checkins (id, senior_id, checkin_date, completed, completed_at, note) values ('c0000000-0000-0000-0000-000000000076', '33333333-3333-3333-3333-333333333333', '2026-04-25'::date, true, '2026-04-25T07:35:00+08:00'::timestamptz, null);
insert into checkin_scores (checkin_id, question_id, score_int, selected_options) values ('c0000000-0000-0000-0000-000000000076', 'vision', 4, null);
insert into checkin_scores (checkin_id, question_id, score_int, selected_options) values ('c0000000-0000-0000-0000-000000000076', 'balance', 4, null);
insert into checkin_scores (checkin_id, question_id, score_int, selected_options) values ('c0000000-0000-0000-0000-000000000076', 'tired', 4, null);
insert into checkin_scores (checkin_id, question_id, score_int, selected_options) values ('c0000000-0000-0000-0000-000000000076', 'pain', null, '{}'::text[]);
insert into checkin_scores (checkin_id, question_id, score_int, selected_options) values ('c0000000-0000-0000-0000-000000000076', 'appetite', 4, null);
insert into checkin_scores (checkin_id, question_id, score_int, selected_options) values ('c0000000-0000-0000-0000-000000000076', 'memory', 4, null);
insert into checkins (id, senior_id, checkin_date, completed, completed_at, note) values ('c0000000-0000-0000-0000-000000000077', '33333333-3333-3333-3333-333333333333', '2026-04-26'::date, true, '2026-04-26T07:45:00+08:00'::timestamptz, null);
insert into checkin_scores (checkin_id, question_id, score_int, selected_options) values ('c0000000-0000-0000-0000-000000000077', 'vision', 4, null);
insert into checkin_scores (checkin_id, question_id, score_int, selected_options) values ('c0000000-0000-0000-0000-000000000077', 'balance', 4, null);
insert into checkin_scores (checkin_id, question_id, score_int, selected_options) values ('c0000000-0000-0000-0000-000000000077', 'tired', 4, null);
insert into checkin_scores (checkin_id, question_id, score_int, selected_options) values ('c0000000-0000-0000-0000-000000000077', 'pain', null, '{}'::text[]);
insert into checkin_scores (checkin_id, question_id, score_int, selected_options) values ('c0000000-0000-0000-0000-000000000077', 'appetite', 5, null);
insert into checkin_scores (checkin_id, question_id, score_int, selected_options) values ('c0000000-0000-0000-0000-000000000077', 'memory', 4, null);
insert into checkins (id, senior_id, checkin_date, completed, completed_at, note) values ('c0000000-0000-0000-0000-000000000078', '33333333-3333-3333-3333-333333333333', '2026-04-27'::date, true, '2026-04-27T07:30:00+08:00'::timestamptz, 'Badminton day');
insert into checkin_scores (checkin_id, question_id, score_int, selected_options) values ('c0000000-0000-0000-0000-000000000078', 'vision', 4, null);
insert into checkin_scores (checkin_id, question_id, score_int, selected_options) values ('c0000000-0000-0000-0000-000000000078', 'balance', 5, null);
insert into checkin_scores (checkin_id, question_id, score_int, selected_options) values ('c0000000-0000-0000-0000-000000000078', 'tired', 5, null);
insert into checkin_scores (checkin_id, question_id, score_int, selected_options) values ('c0000000-0000-0000-0000-000000000078', 'pain', null, '{}'::text[]);
insert into checkin_scores (checkin_id, question_id, score_int, selected_options) values ('c0000000-0000-0000-0000-000000000078', 'appetite', 4, null);
insert into checkin_scores (checkin_id, question_id, score_int, selected_options) values ('c0000000-0000-0000-0000-000000000078', 'memory', 4, null);
insert into checkins (id, senior_id, checkin_date, completed, completed_at, note) values ('c0000000-0000-0000-0000-000000000079', '33333333-3333-3333-3333-333333333333', '2026-04-28'::date, true, '2026-04-28T07:50:00+08:00'::timestamptz, null);
insert into checkin_scores (checkin_id, question_id, score_int, selected_options) values ('c0000000-0000-0000-0000-000000000079', 'vision', 3, null);
insert into checkin_scores (checkin_id, question_id, score_int, selected_options) values ('c0000000-0000-0000-0000-000000000079', 'balance', 4, null);
insert into checkin_scores (checkin_id, question_id, score_int, selected_options) values ('c0000000-0000-0000-0000-000000000079', 'tired', 3, null);
insert into checkin_scores (checkin_id, question_id, score_int, selected_options) values ('c0000000-0000-0000-0000-000000000079', 'pain', null, '{"knee","ankle"}'::text[]);
insert into checkin_scores (checkin_id, question_id, score_int, selected_options) values ('c0000000-0000-0000-0000-000000000079', 'appetite', 4, null);
insert into checkin_scores (checkin_id, question_id, score_int, selected_options) values ('c0000000-0000-0000-0000-000000000079', 'memory', 4, null);
insert into checkins (id, senior_id, checkin_date, completed, completed_at, note) values ('c0000000-0000-0000-0000-000000000080', '33333333-3333-3333-3333-333333333333', '2026-04-29'::date, true, '2026-04-29T07:25:00+08:00'::timestamptz, null);
insert into checkin_scores (checkin_id, question_id, score_int, selected_options) values ('c0000000-0000-0000-0000-000000000080', 'vision', 3, null);
insert into checkin_scores (checkin_id, question_id, score_int, selected_options) values ('c0000000-0000-0000-0000-000000000080', 'balance', 4, null);
insert into checkin_scores (checkin_id, question_id, score_int, selected_options) values ('c0000000-0000-0000-0000-000000000080', 'tired', 4, null);
insert into checkin_scores (checkin_id, question_id, score_int, selected_options) values ('c0000000-0000-0000-0000-000000000080', 'pain', null, '{"ankle"}'::text[]);
insert into checkin_scores (checkin_id, question_id, score_int, selected_options) values ('c0000000-0000-0000-0000-000000000080', 'appetite', 4, null);
insert into checkin_scores (checkin_id, question_id, score_int, selected_options) values ('c0000000-0000-0000-0000-000000000080', 'memory', 3, null);
insert into checkins (id, senior_id, checkin_date, completed, completed_at, note) values ('c0000000-0000-0000-0000-000000000081', '33333333-3333-3333-3333-333333333333', '2026-04-30'::date, true, '2026-04-30T07:40:00+08:00'::timestamptz, null);
insert into checkin_scores (checkin_id, question_id, score_int, selected_options) values ('c0000000-0000-0000-0000-000000000081', 'vision', 4, null);
insert into checkin_scores (checkin_id, question_id, score_int, selected_options) values ('c0000000-0000-0000-0000-000000000081', 'balance', 4, null);
insert into checkin_scores (checkin_id, question_id, score_int, selected_options) values ('c0000000-0000-0000-0000-000000000081', 'tired', 4, null);
insert into checkin_scores (checkin_id, question_id, score_int, selected_options) values ('c0000000-0000-0000-0000-000000000081', 'pain', null, '{}'::text[]);
insert into checkin_scores (checkin_id, question_id, score_int, selected_options) values ('c0000000-0000-0000-0000-000000000081', 'appetite', 4, null);
insert into checkin_scores (checkin_id, question_id, score_int, selected_options) values ('c0000000-0000-0000-0000-000000000081', 'memory', 4, null);
insert into checkins (id, senior_id, checkin_date, completed, completed_at, note) values ('c0000000-0000-0000-0000-000000000082', '33333333-3333-3333-3333-333333333333', '2026-05-01'::date, true, '2026-05-01T07:35:00+08:00'::timestamptz, null);
insert into checkin_scores (checkin_id, question_id, score_int, selected_options) values ('c0000000-0000-0000-0000-000000000082', 'vision', 4, null);
insert into checkin_scores (checkin_id, question_id, score_int, selected_options) values ('c0000000-0000-0000-0000-000000000082', 'balance', 4, null);
insert into checkin_scores (checkin_id, question_id, score_int, selected_options) values ('c0000000-0000-0000-0000-000000000082', 'tired', 4, null);
insert into checkin_scores (checkin_id, question_id, score_int, selected_options) values ('c0000000-0000-0000-0000-000000000082', 'pain', null, '{}'::text[]);
insert into checkin_scores (checkin_id, question_id, score_int, selected_options) values ('c0000000-0000-0000-0000-000000000082', 'appetite', 4, null);
insert into checkin_scores (checkin_id, question_id, score_int, selected_options) values ('c0000000-0000-0000-0000-000000000082', 'memory', 4, null);
insert into checkins (id, senior_id, checkin_date, completed, completed_at, note) values ('c0000000-0000-0000-0000-000000000083', '33333333-3333-3333-3333-333333333333', '2026-05-02'::date, true, '2026-05-02T07:45:00+08:00'::timestamptz, null);
insert into checkin_scores (checkin_id, question_id, score_int, selected_options) values ('c0000000-0000-0000-0000-000000000083', 'vision', 3, null);
insert into checkin_scores (checkin_id, question_id, score_int, selected_options) values ('c0000000-0000-0000-0000-000000000083', 'balance', 4, null);
insert into checkin_scores (checkin_id, question_id, score_int, selected_options) values ('c0000000-0000-0000-0000-000000000083', 'tired', 4, null);
insert into checkin_scores (checkin_id, question_id, score_int, selected_options) values ('c0000000-0000-0000-0000-000000000083', 'pain', null, '{"ankle"}'::text[]);
insert into checkin_scores (checkin_id, question_id, score_int, selected_options) values ('c0000000-0000-0000-0000-000000000083', 'appetite', 4, null);
insert into checkin_scores (checkin_id, question_id, score_int, selected_options) values ('c0000000-0000-0000-0000-000000000083', 'memory', 4, null);
insert into checkins (id, senior_id, checkin_date, completed, completed_at, note) values ('c0000000-0000-0000-0000-000000000084', '33333333-3333-3333-3333-333333333333', '2026-05-03'::date, true, '2026-05-03T07:30:00+08:00'::timestamptz, 'Badminton day - vision slightly blurry after game');
insert into checkin_scores (checkin_id, question_id, score_int, selected_options) values ('c0000000-0000-0000-0000-000000000084', 'vision', 2, null);
insert into checkin_scores (checkin_id, question_id, score_int, selected_options) values ('c0000000-0000-0000-0000-000000000084', 'balance', 5, null);
insert into checkin_scores (checkin_id, question_id, score_int, selected_options) values ('c0000000-0000-0000-0000-000000000084', 'tired', 5, null);
insert into checkin_scores (checkin_id, question_id, score_int, selected_options) values ('c0000000-0000-0000-0000-000000000084', 'pain', null, '{"ankle"}'::text[]);
insert into checkin_scores (checkin_id, question_id, score_int, selected_options) values ('c0000000-0000-0000-0000-000000000084', 'appetite', 5, null);
insert into checkin_scores (checkin_id, question_id, score_int, selected_options) values ('c0000000-0000-0000-0000-000000000084', 'memory', 4, null);
insert into checkins (id, senior_id, checkin_date, completed, completed_at, note) values ('c0000000-0000-0000-0000-000000000085', '33333333-3333-3333-3333-333333333333', '2026-05-04'::date, true, '2026-05-04T07:50:00+08:00'::timestamptz, null);
insert into checkin_scores (checkin_id, question_id, score_int, selected_options) values ('c0000000-0000-0000-0000-000000000085', 'vision', 2, null);
insert into checkin_scores (checkin_id, question_id, score_int, selected_options) values ('c0000000-0000-0000-0000-000000000085', 'balance', 4, null);
insert into checkin_scores (checkin_id, question_id, score_int, selected_options) values ('c0000000-0000-0000-0000-000000000085', 'tired', 3, null);
insert into checkin_scores (checkin_id, question_id, score_int, selected_options) values ('c0000000-0000-0000-0000-000000000085', 'pain', null, '{"knee","ankle"}'::text[]);
insert into checkin_scores (checkin_id, question_id, score_int, selected_options) values ('c0000000-0000-0000-0000-000000000085', 'appetite', 4, null);
insert into checkin_scores (checkin_id, question_id, score_int, selected_options) values ('c0000000-0000-0000-0000-000000000085', 'memory', 3, null);
insert into checkins (id, senior_id, checkin_date, completed, completed_at, note) values ('c0000000-0000-0000-0000-000000000086', '33333333-3333-3333-3333-333333333333', '2026-05-05'::date, true, '2026-05-05T07:25:00+08:00'::timestamptz, 'Vision still blurry - should check glucose');
insert into checkin_scores (checkin_id, question_id, score_int, selected_options) values ('c0000000-0000-0000-0000-000000000086', 'vision', 2, null);
insert into checkin_scores (checkin_id, question_id, score_int, selected_options) values ('c0000000-0000-0000-0000-000000000086', 'balance', 4, null);
insert into checkin_scores (checkin_id, question_id, score_int, selected_options) values ('c0000000-0000-0000-0000-000000000086', 'tired', 4, null);
insert into checkin_scores (checkin_id, question_id, score_int, selected_options) values ('c0000000-0000-0000-0000-000000000086', 'pain', null, '{"ankle"}'::text[]);
insert into checkin_scores (checkin_id, question_id, score_int, selected_options) values ('c0000000-0000-0000-0000-000000000086', 'appetite', 3, null);
insert into checkin_scores (checkin_id, question_id, score_int, selected_options) values ('c0000000-0000-0000-0000-000000000086', 'memory', 3, null);
insert into checkins (id, senior_id, checkin_date, completed, completed_at, note) values ('c0000000-0000-0000-0000-000000000087', '33333333-3333-3333-3333-333333333333', '2026-05-06'::date, true, '2026-05-06T07:40:00+08:00'::timestamptz, 'Vision improving');
insert into checkin_scores (checkin_id, question_id, score_int, selected_options) values ('c0000000-0000-0000-0000-000000000087', 'vision', 3, null);
insert into checkin_scores (checkin_id, question_id, score_int, selected_options) values ('c0000000-0000-0000-0000-000000000087', 'balance', 4, null);
insert into checkin_scores (checkin_id, question_id, score_int, selected_options) values ('c0000000-0000-0000-0000-000000000087', 'tired', 4, null);
insert into checkin_scores (checkin_id, question_id, score_int, selected_options) values ('c0000000-0000-0000-0000-000000000087', 'pain', null, '{}'::text[]);
insert into checkin_scores (checkin_id, question_id, score_int, selected_options) values ('c0000000-0000-0000-0000-000000000087', 'appetite', 4, null);
insert into checkin_scores (checkin_id, question_id, score_int, selected_options) values ('c0000000-0000-0000-0000-000000000087', 'memory', 4, null);
insert into checkins (id, senior_id, checkin_date, completed, completed_at, note) values ('c0000000-0000-0000-0000-000000000088', '33333333-3333-3333-3333-333333333333', '2026-05-07'::date, true, '2026-05-07T07:35:00+08:00'::timestamptz, null);
insert into checkin_scores (checkin_id, question_id, score_int, selected_options) values ('c0000000-0000-0000-0000-000000000088', 'vision', 4, null);
insert into checkin_scores (checkin_id, question_id, score_int, selected_options) values ('c0000000-0000-0000-0000-000000000088', 'balance', 4, null);
insert into checkin_scores (checkin_id, question_id, score_int, selected_options) values ('c0000000-0000-0000-0000-000000000088', 'tired', 4, null);
insert into checkin_scores (checkin_id, question_id, score_int, selected_options) values ('c0000000-0000-0000-0000-000000000088', 'pain', null, '{}'::text[]);
insert into checkin_scores (checkin_id, question_id, score_int, selected_options) values ('c0000000-0000-0000-0000-000000000088', 'appetite', 4, null);
insert into checkin_scores (checkin_id, question_id, score_int, selected_options) values ('c0000000-0000-0000-0000-000000000088', 'memory', 4, null);
insert into checkins (id, senior_id, checkin_date, completed, completed_at, note) values ('c0000000-0000-0000-0000-000000000089', '33333333-3333-3333-3333-333333333333', '2026-05-08'::date, true, '2026-05-08T07:45:00+08:00'::timestamptz, null);
insert into checkin_scores (checkin_id, question_id, score_int, selected_options) values ('c0000000-0000-0000-0000-000000000089', 'vision', 4, null);
insert into checkin_scores (checkin_id, question_id, score_int, selected_options) values ('c0000000-0000-0000-0000-000000000089', 'balance', 4, null);
insert into checkin_scores (checkin_id, question_id, score_int, selected_options) values ('c0000000-0000-0000-0000-000000000089', 'tired', 4, null);
insert into checkin_scores (checkin_id, question_id, score_int, selected_options) values ('c0000000-0000-0000-0000-000000000089', 'pain', null, '{"ankle"}'::text[]);
insert into checkin_scores (checkin_id, question_id, score_int, selected_options) values ('c0000000-0000-0000-0000-000000000089', 'appetite', 4, null);
insert into checkin_scores (checkin_id, question_id, score_int, selected_options) values ('c0000000-0000-0000-0000-000000000089', 'memory', 5, null);
insert into checkins (id, senior_id, checkin_date, completed, completed_at, note) values ('c0000000-0000-0000-0000-000000000090', '33333333-3333-3333-3333-333333333333', '2026-05-09'::date, true, '2026-05-09T07:30:00+08:00'::timestamptz, null);
insert into checkin_scores (checkin_id, question_id, score_int, selected_options) values ('c0000000-0000-0000-0000-000000000090', 'vision', 4, null);
insert into checkin_scores (checkin_id, question_id, score_int, selected_options) values ('c0000000-0000-0000-0000-000000000090', 'balance', 4, null);
insert into checkin_scores (checkin_id, question_id, score_int, selected_options) values ('c0000000-0000-0000-0000-000000000090', 'tired', 4, null);
insert into checkin_scores (checkin_id, question_id, score_int, selected_options) values ('c0000000-0000-0000-0000-000000000090', 'pain', null, '{}'::text[]);
insert into checkin_scores (checkin_id, question_id, score_int, selected_options) values ('c0000000-0000-0000-0000-000000000090', 'appetite', 4, null);
insert into checkin_scores (checkin_id, question_id, score_int, selected_options) values ('c0000000-0000-0000-0000-000000000090', 'memory', 4, null);

commit;

-- 90 check-ins generated